category_joint_id,category_id,joint_int_id
1,1,1
2,1,2
3,1,3
4,1,4
5,1,5
6,1,6
7,1,7
8,1,8
9,1,9
10,1,10
11,2,1
12,2,3
13,2,6
14,2,5
15,2,9
16,2,7
17,2,10
18,6,11
19,12,1
20,12,12
21,12,13
22,12,14
23,12,15
24,12,16
25,12,3
26,12,17
27,12,18
28,12,19
29,12,6
30,12,20
31,12,21
32,12,22
33,12,4
34,12,23
35,12,24
36,15,13
37,17,25
38,17,26
39,17,27
40,17,28
41,17,29
42,17,30
43,17,31
44,17,32
45,29,33
46,39,34
47,41,24
48,56,24
49,57,35
50,57,36
51,61,37
52,61,38
53,61,39
54,61,40
55,61,41
56,61,42
57,80,43
58,80,44
59,82,45
60,90,46
61,90,47
62,90,48
63,90,8
64,90,49
65,91,6
66,92,50
67,93,51
68,93,52
69,93,53
70,93,54
71,93,55
72,102,56
73,112,57
74,112,58
75,112,47
76,112,59
77,112,60
78,112,61
79,112,62
80,112,63
81,112,64
82,112,65
83,112,5
84,115,61
85,1,66
86,1,67
87,1,68
88,1,69
89,1,70
90,1,71
91,2,67
92,2,71
93,2,68
94,4,69
95,12,68
96,12,72
97,12,73
98,12,74
99,12,69
100,12,75
101,12,76
102,12,77
103,12,78
104,12,79
105,17,80
106,17,81
107,24,82
108,29,82
109,57,83
110,57,84
111,57,85
112,61,86
113,61,87
114,61,85
115,61,84
116,61,88
117,61,89
118,80,66
119,80,90
120,80,91
121,80,92
122,90,93
123,90,94
124,90,76
125,91,95
126,91,93
127,91,96
128,91,67
129,93,97
130,95,98
131,95,99
132,95,88
133,112,100
134,112,101
135,112,102
136,112,103
137,112,77
138,112,104
139,1,105
140,1,106
141,1,107
142,2,105
143,12,108
144,12,109
145,12,110
146,12,111
147,17,112
148,17,113
149,17,114
150,17,115
151,17,116
152,29,117
153,57,118
154,57,119
155,61,118
156,61,120
157,61,121
158,61,122
159,61,123
160,61,119
161,66,124
162,80,125
163,80,126
164,90,124
165,90,127
166,90,105
167,90,126
168,90,128
169,90,117
170,93,129
171,93,130
172,95,131
173,95,132
174,110,133
175,112,134
176,112,135
177,112,136
178,112,130
179,112,137
180,115,113
181,1,138
182,1,139
183,1,140
184,1,141
185,1,142
186,1,143
187,1,144
188,1,145
189,1,146
190,2,138
191,2,142
192,2,139
193,2,144
194,6,147
195,12,138
196,12,148
197,12,142
198,12,149
199,12,150
200,12,140
201,12,151
202,12,152
203,12,143
204,12,153
205,12,154
206,12,155
207,14,149
208,15,150
209,15,154
210,17,156
211,17,157
212,17,158
213,17,159
214,17,160
215,17,161
216,17,162
217,18,157
218,22,157
219,24,163
220,24,164
221,27,163
222,29,164
223,39,165
224,57,166
225,61,167
226,61,168
227,61,169
228,61,170
229,61,171
230,61,172
231,61,173
232,61,174
233,61,175
234,61,176
235,74,177
236,80,178
237,90,141
238,90,179
239,90,180
240,91,181
241,91,143
242,93,182
243,93,183
244,93,184
245,95,171
246,112,185
247,112,186
248,112,187
249,112,188
250,115,187
251,1,189
252,1,190
253,2,190
254,6,191
255,12,192
256,12,189
257,12,193
258,12,194
259,17,195
260,17,196
261,17,191
262,17,197
263,17,198
264,39,199
265,57,200
266,57,201
267,61,202
268,61,203
269,61,204
270,61,205
271,61,201
272,63,206
273,74,207
274,80,208
275,80,209
276,80,210
277,80,211
278,90,212
279,91,207
280,91,213
281,93,214
282,93,215
283,93,216
284,93,217
285,93,218
286,97,214
287,102,219
288,102,220
289,112,221
290,112,222
291,112,223
292,1,224
293,1,225
294,1,226
295,1,227
296,2,227
297,2,226
298,12,224
299,12,228
300,12,229
301,12,230
302,12,226
303,12,231
304,12,232
305,17,233
306,17,234
307,17,235
308,17,236
309,17,237
310,39,238
311,44,239
312,57,240
313,61,240
314,61,241
315,61,242
316,61,243
317,61,244
318,80,227
319,80,245
320,90,246
321,90,247
322,91,248
323,91,249
324,92,250
325,93,251
326,93,252
327,93,243
328,93,253
329,95,254
330,104,255
331,112,256
332,112,257
333,112,258
334,112,259
335,112,260
336,112,261
337,112,262
338,112,231
339,1,263
340,1,264
341,1,265
342,1,266
343,1,267
344,1,268
345,1,269
346,1,270
347,2,270
348,6,271
349,12,272
350,12,273
351,12,274
352,17,275
353,17,276
354,17,277
355,17,278
356,17,279
357,17,280
358,17,281
359,17,282
360,17,283
361,24,284
362,50,285
363,50,286
364,51,285
365,53,287
366,57,288
367,57,289
368,61,288
369,61,290
370,61,289
371,61,291
372,61,292
373,61,293
374,61,294
375,61,295
376,61,296
377,61,297
378,61,298
379,80,273
380,80,269
381,80,299
382,80,300
383,80,274
384,82,301
385,82,287
386,90,302
387,90,303
388,90,304
389,90,305
390,91,306
391,91,307
392,92,299
393,93,265
394,93,308
395,93,269
396,93,309
397,93,310
398,93,311
399,93,312
400,95,265
401,95,309
402,95,295
403,95,296
404,95,313
405,95,314
406,98,315
407,98,316
408,98,312
409,102,317
410,102,318
411,102,285
412,104,319
413,105,301
414,106,318
415,112,320
416,112,273
417,112,321
418,112,322
419,112,274
420,112,323
421,112,324
422,115,324
423,1,325
424,1,326
425,1,327
426,1,328
427,1,329
428,1,330
429,12,331
430,12,328
431,12,325
432,12,332
433,17,333
434,17,334
435,17,335
436,17,336
437,17,337
438,17,338
439,17,339
440,24,340
441,24,341
442,24,342
443,24,343
444,27,343
445,39,342
446,41,342
447,50,344
448,50,345
449,50,346
450,51,345
451,51,346
452,57,347
453,57,348
454,57,349
455,57,350
456,57,351
457,61,351
458,61,348
459,61,352
460,61,353
461,61,354
462,61,355
463,61,356
464,64,353
465,66,357
466,66,358
467,80,347
468,80,332
469,81,359
470,82,359
471,82,350
472,90,351
473,90,360
474,90,361
475,90,362
476,91,363
477,91,364
478,91,353
479,91,365
480,91,366
481,91,329
482,91,367
483,92,365
484,93,368
485,93,369
486,93,370
487,93,371
488,93,372
489,93,373
490,94,355
491,95,366
492,95,374
493,95,354
494,95,375
495,95,376
496,98,374
497,98,326
498,98,377
499,102,378
500,110,379
501,112,380
502,114,381
503,115,380
504,6,382
505,6,383
506,11,384
507,12,385
508,17,386
509,17,387
510,17,388
511,17,389
512,17,390
513,17,391
514,17,392
515,17,393
516,17,394
517,17,395
518,17,396
519,17,397
520,22,388
521,24,384
522,24,398
523,24,399
524,24,400
525,24,401
526,24,402
527,24,403
528,24,404
529,24,405
530,24,406
531,24,407
532,24,408
533,24,409
534,24,390
535,24,410
536,24,411
537,24,412
538,24,413
539,24,414
540,24,415
541,27,402
542,27,407
543,27,401
544,27,406
545,27,408
546,27,409
547,29,399
548,29,416
549,29,404
550,29,401
551,29,405
552,29,417
553,29,411
554,29,400
555,29,418
556,29,412
557,29,419
558,29,420
559,29,415
560,29,421
561,29,414
562,39,422
563,39,423
564,39,424
565,39,425
566,39,426
567,39,427
568,40,428
569,40,429
570,40,395
571,41,387
572,41,430
573,41,431
574,41,418
575,44,432
576,44,409
577,44,410
578,44,433
579,57,434
580,57,435
581,57,436
582,57,437
583,57,438
584,57,439
585,57,440
586,57,441
587,57,442
588,57,443
589,57,444
590,57,445
591,57,446
592,57,447
593,57,448
594,57,449
595,57,450
596,57,451
597,57,452
598,57,453
599,60,438
600,61,454
601,61,446
602,61,443
603,61,455
604,61,456
605,61,457
606,61,458
607,61,459
608,61,460
609,61,461
610,61,462
611,61,448
612,61,463
613,61,449
614,61,464
615,61,465
616,61,466
617,61,467
618,61,468
619,61,469
620,62,470
621,64,471
622,66,472
623,66,473
624,66,474
625,66,475
626,66,476
627,66,477
628,66,478
629,66,479
630,66,480
631,66,481
632,66,482
633,66,418
634,66,471
635,66,483
636,66,484
637,70,485
638,70,486
639,70,487
640,70,488
641,70,489
642,74,490
643,74,491
644,74,492
645,74,493
646,74,494
647,74,495
648,74,496
649,75,497
650,75,498
651,76,499
652,78,500
653,78,501
654,78,502
655,78,503
656,78,504
657,78,505
658,78,506
659,80,498
660,81,507
661,82,508
662,82,507
663,82,501
664,82,509
665,82,502
666,82,510
667,82,504
668,82,511
669,82,512
670,82,506
671,85,513
672,85,514
673,85,515
674,85,516
675,86,517
676,90,518
677,90,519
678,90,456
679,90,520
680,90,417
681,90,521
682,90,522
683,90,523
684,90,524
685,90,525
686,90,526
687,90,527
688,90,528
689,90,529
690,90,530
691,90,531
692,90,532
693,90,483
694,90,533
695,90,534
696,91,470
697,91,535
698,91,536
699,91,537
700,91,538
701,91,539
702,91,448
703,91,540
704,91,541
705,91,542
706,91,543
707,91,495
708,91,544
709,91,545
710,91,492
711,91,546
712,91,468
713,91,547
714,91,548
715,91,549
716,93,537
717,93,535
718,93,550
719,93,551
720,93,386
721,93,552
722,93,553
723,93,554
724,93,555
725,93,541
726,93,556
727,93,493
728,93,557
729,93,464
730,93,558
731,93,559
732,93,560
733,93,561
734,98,442
735,101,484
736,102,562
737,102,563
738,102,507
739,102,564
740,102,565
741,102,566
742,102,567
743,102,568
744,102,569
745,106,562
746,106,570
747,106,571
748,106,567
749,107,570
750,110,572
751,110,573
752,110,574
753,110,575
754,110,576
755,110,577
756,110,397
757,112,578
758,112,579
759,112,580
760,112,581
761,112,582
762,112,583
763,112,584
764,112,585
765,112,586
766,112,587
767,112,588
768,112,589
769,112,590
770,113,578
771,115,583
772,1,591
773,1,592
774,1,593
775,1,594
776,1,595
777,1,596
778,2,591
779,2,592
780,4,594
781,5,595
782,6,597
783,6,598
784,6,599
785,9,600
786,9,601
787,9,602
788,10,603
789,10,604
790,10,605
791,10,606
792,10,607
793,11,608
794,12,609
795,12,610
796,12,611
797,12,600
798,12,597
799,12,612
800,12,613
801,12,614
802,12,615
803,12,606
804,12,616
805,12,617
806,12,618
807,16,611
808,17,619
809,17,620
810,17,621
811,17,622
812,17,623
813,17,624
814,17,625
815,17,626
816,17,627
817,17,628
818,17,629
819,17,630
820,17,631
821,17,632
822,17,633
823,17,634
824,17,635
825,17,636
826,18,620
827,18,626
828,19,620
829,19,633
830,19,628
831,22,622
832,22,628
833,22,627
834,22,631
835,24,637
836,24,638
837,24,639
838,24,640
839,24,641
840,24,642
841,24,643
842,24,644
843,24,645
844,24,608
845,24,646
846,24,647
847,24,648
848,24,649
849,24,650
850,24,651
851,27,642
852,27,645
853,27,652
854,27,625
855,27,653
856,29,640
857,29,648
858,29,654
859,29,655
860,29,645
861,29,646
862,29,656
863,29,643
864,29,651
865,29,657
866,29,649
867,29,658
868,29,659
869,29,660
870,29,661
871,29,662
872,29,594
873,34,663
874,39,664
875,39,665
876,39,666
877,39,667
878,39,668
879,39,669
880,39,670
881,39,671
882,39,672
883,39,673
884,39,674
885,39,675
886,39,676
887,39,677
888,39,678
889,39,679
890,39,680
891,39,681
892,39,682
893,39,683
894,40,665
895,40,654
896,40,684
897,41,665
898,41,637
899,41,623
900,41,667
901,41,654
902,41,679
903,41,655
904,41,656
905,41,635
906,41,628
907,41,685
908,41,686
909,41,687
910,41,688
911,41,689
912,41,690
913,41,691
914,43,622
915,44,692
916,44,685
917,44,693
918,44,694
919,44,695
920,44,696
921,44,697
922,44,698
923,44,699
924,45,700
925,53,701
926,53,702
927,56,703
928,57,704
929,57,705
930,57,706
931,57,707
932,57,708
933,57,709
934,57,710
935,57,711
936,57,712
937,57,713
938,57,714
939,57,715
940,57,716
941,57,717
942,57,718
943,57,719
944,57,720
945,57,721
946,57,722
947,57,723
948,61,724
949,61,709
950,61,720
951,61,725
952,61,716
953,61,726
954,61,727
955,61,728
956,61,715
957,61,710
958,61,729
959,61,730
960,61,731
961,61,732
962,61,733
963,61,734
964,61,735
965,61,736
966,61,737
967,62,738
968,63,739
969,63,740
970,63,741
971,64,742
972,64,743
973,66,744
974,66,745
975,66,746
976,66,747
977,66,748
978,66,749
979,66,750
980,66,751
981,66,742
982,66,752
983,66,753
984,71,754
985,71,755
986,72,756
987,74,757
988,74,758
989,74,759
990,74,760
991,74,761
992,74,762
993,74,763
994,74,764
995,74,765
996,76,766
997,78,767
998,78,768
999,78,769
1000,78,770
1001,78,771
1002,78,772
1003,78,773
1004,80,614
1005,80,774
1006,80,775
1007,80,776
1008,80,777
1009,80,778
1010,81,779
1011,81,780
1012,81,781
1013,82,768
1014,82,782
1015,82,783
1016,82,784
1017,82,785
1018,82,786
1019,82,787
1020,82,779
1021,82,769
1022,82,788
1023,82,704
1024,82,789
1025,82,790
1026,82,791
1027,82,792
1028,82,793
1029,82,794
1030,82,795
1031,82,773
1032,82,796
1033,90,797
1034,90,798
1035,90,799
1036,90,800
1037,90,801
1038,90,802
1039,90,803
1040,90,804
1041,90,805
1042,90,806
1043,90,807
1044,90,808
1045,90,757
1046,90,809
1047,90,810
1048,90,811
1049,90,812
1050,90,813
1051,90,679
1052,91,814
1053,91,815
1054,91,816
1055,91,817
1056,91,818
1057,91,819
1058,91,820
1059,91,821
1060,91,822
1061,91,760
1062,91,823
1063,91,824
1064,91,825
1065,91,826
1066,91,827
1067,91,604
1068,91,828
1069,91,765
1070,91,829
1071,92,830
1072,92,831
1073,92,639
1074,92,832
1075,92,833
1076,92,834
1077,92,694
1078,93,835
1079,93,836
1080,93,837
1081,93,817
1082,93,838
1083,93,839
1084,93,840
1085,93,841
1086,93,842
1087,93,843
1088,93,844
1089,93,845
1090,93,827
1091,93,846
1092,93,847
1093,93,848
1094,93,803
1095,93,647
1096,93,650
1097,93,849
1098,94,850
1099,94,851
1100,94,852
1101,95,853
1102,95,854
1103,95,855
1104,95,685
1105,95,856
1106,95,684
1107,95,857
1108,95,858
1109,95,859
1110,95,860
1111,95,861
1112,95,862
1113,95,863
1114,95,864
1115,95,865
1116,95,866
1117,96,692
1118,96,867
1119,97,868
1120,97,869
1121,97,870
1122,97,871
1123,98,832
1124,98,739
1125,98,872
1126,98,741
1127,102,789
1128,102,779
1129,102,873
1130,102,680
1131,102,874
1132,102,875
1133,102,876
1134,102,877
1135,102,878
1136,102,879
1137,102,880
1138,102,881
1139,102,882
1140,102,883
1141,102,884
1142,104,885
1143,104,886
1144,104,887
1145,104,888
1146,104,889
1147,104,890
1148,104,794
1149,104,891
1150,104,892
1151,104,893
1152,105,790
1153,105,795
1154,105,894
1155,106,782
1156,106,786
1157,106,790
1158,106,789
1159,106,791
1160,106,895
1161,106,896
1162,106,897
1163,106,795
1164,106,898
1165,106,899
1166,106,796
1167,107,782
1168,110,900
1169,110,901
1170,110,902
1171,110,903
1172,110,904
1173,110,884
1174,110,905
1175,110,906
1176,111,905
1177,112,907
1178,112,908
1179,112,909
1180,112,910
1181,112,911
1182,112,912
1183,112,913
1184,112,914
1185,112,915
1186,112,834
1187,112,916
1188,112,917
1189,112,918
1190,112,919
1191,112,920
1192,112,921
1193,112,922
1194,112,923
1195,112,924
1196,113,913
1197,115,923
1198,115,920
1199,115,925
1200,115,926
1201,115,927
1202,115,928
1203,1,929
1204,1,930
1205,12,931
1206,16,931
1207,17,932
1208,17,933
1209,17,934
1210,17,935
1211,17,936
1212,17,937
1213,17,938
1214,17,939
1215,17,940
1216,17,941
1217,17,942
1218,22,934
1219,24,943
1220,24,944
1221,24,945
1222,24,946
1223,24,625
1224,24,947
1225,24,948
1226,24,949
1227,24,950
1228,24,951
1229,24,952
1230,24,652
1231,24,953
1232,24,896
1233,24,954
1234,27,948
1235,29,943
1236,29,951
1237,29,955
1238,29,947
1239,29,948
1240,29,952
1241,29,956
1242,29,957
1243,29,958
1244,29,959
1245,29,960
1246,29,950
1247,29,961
1248,39,962
1249,39,963
1250,39,964
1251,39,965
1252,39,966
1253,39,967
1254,39,934
1255,39,968
1256,40,933
1257,41,969
1258,41,970
1259,41,933
1260,41,934
1261,41,971
1262,41,957
1263,44,972
1264,50,973
1265,50,974
1266,57,975
1267,57,976
1268,57,977
1269,57,978
1270,57,979
1271,57,980
1272,57,981
1273,57,982
1274,57,983
1275,57,732
1276,57,984
1277,57,985
1278,57,986
1279,57,987
1280,61,988
1281,61,989
1282,61,990
1283,61,991
1284,61,992
1285,61,993
1286,61,994
1287,61,983
1288,61,995
1289,61,996
1290,61,997
1291,61,998
1292,63,999
1293,66,1000
1294,66,1001
1295,74,1002
1296,74,1003
1297,74,1004
1298,74,1005
1299,74,1006
1300,74,1007
1301,78,1008
1302,78,1009
1303,78,1010
1304,78,1011
1305,78,1012
1306,79,1013
1307,79,1014
1308,80,1015
1309,82,978
1310,82,1016
1311,82,1008
1312,82,1011
1313,82,1010
1314,82,894
1315,85,1017
1316,90,1018
1317,90,1019
1318,90,978
1319,90,1020
1320,90,1021
1321,90,1022
1322,90,1023
1323,90,1024
1324,90,1025
1325,90,1026
1326,90,1005
1327,90,1027
1328,90,1028
1329,90,1029
1330,90,1030
1331,90,1031
1332,91,1032
1333,91,1033
1334,91,1034
1335,91,1035
1336,91,1036
1337,91,1003
1338,91,1037
1339,91,1038
1340,91,1039
1341,91,1040
1342,91,1041
1343,91,1042
1344,91,1043
1345,91,1044
1346,92,1045
1347,92,1046
1348,92,1047
1349,93,1048
1350,93,943
1351,93,1049
1352,93,1045
1353,93,1050
1354,93,1037
1355,93,994
1356,93,1051
1357,93,1052
1358,93,1053
1359,93,1054
1360,93,1055
1361,95,1056
1362,96,1057
1363,97,1058
1364,98,1045
1365,102,974
1366,102,1059
1367,102,1060
1368,102,1061
1369,102,1062
1370,102,1063
1371,102,1064
1372,102,1065
1373,102,1066
1374,104,1067
1375,104,1068
1376,104,1069
1377,106,1070
1378,106,1071
1379,106,1010
1380,106,1072
1381,106,1073
1382,108,1070
1383,110,1074
1384,110,1075
1385,110,1076
1386,110,1015
1387,110,1061
1388,110,1077
1389,111,1078
1390,111,1015
1391,111,1065
1392,112,1079
1393,112,1080
1394,112,926
1395,112,1081
1396,112,1082
1397,112,1083
1398,112,1084
1399,112,1085
1400,112,1086
1401,112,1087
1402,112,1088
1403,112,1089
1404,112,928
1405,112,1090
1406,112,927
1407,113,1079
1408,115,1083
1409,6,1091
1410,6,1092
1411,12,1093
1412,12,1094
1413,12,1095
1414,12,1096
1415,12,1097
1416,12,1098
1417,15,1093
1418,16,1099
1419,17,1100
1420,17,1101
1421,17,1102
1422,17,1103
1423,17,1104
1424,17,1105
1425,17,1106
1426,17,1107
1427,17,1108
1428,17,1109
1429,17,1110
1430,17,1111
1431,17,1112
1432,17,1113
1433,17,1114
1434,18,1111
1435,19,1104
1436,19,1111
1437,22,1107
1438,22,1108
1439,24,1115
1440,24,1116
1441,24,1117
1442,24,1118
1443,24,1119
1444,24,1120
1445,24,1121
1446,24,1122
1447,24,1123
1448,24,1124
1449,24,1125
1450,24,1126
1451,24,1127
1452,24,1128
1453,24,1129
1454,24,1130
1455,24,1131
1456,24,1132
1457,24,1133
1458,24,1134
1459,27,1123
1460,29,1116
1461,29,1118
1462,29,1121
1463,29,1119
1464,29,1122
1465,29,1120
1466,29,1135
1467,29,1136
1468,29,1126
1469,29,1137
1470,29,1138
1471,29,1139
1472,29,1140
1473,29,1141
1474,29,1142
1475,29,1134
1476,29,1132
1477,29,1133
1478,29,1128
1479,31,1143
1480,32,1144
1481,39,1145
1482,39,1146
1483,39,1121
1484,39,1147
1485,39,1148
1486,39,1149
1487,39,1150
1488,39,1151
1489,39,1152
1490,39,1153
1491,39,1142
1492,40,1154
1493,40,1155
1494,40,1149
1495,40,1107
1496,41,1102
1497,41,1100
1498,41,1140
1499,41,1097
1500,41,1150
1501,41,1156
1502,41,1111
1503,41,1157
1504,43,1107
1505,44,1158
1506,44,1159
1507,44,1115
1508,44,1123
1509,48,1101
1510,53,1160
1511,57,1161
1512,57,1162
1513,57,1163
1514,57,1164
1515,57,1165
1516,57,1166
1517,57,1167
1518,57,1168
1519,57,1169
1520,57,1170
1521,57,1171
1522,57,1172
1523,57,1173
1524,57,1159
1525,57,1174
1526,57,1175
1527,57,1176
1528,57,1177
1529,57,1178
1530,61,1179
1531,61,1180
1532,61,1181
1533,61,1162
1534,61,1182
1535,61,1170
1536,61,1183
1537,61,1184
1538,61,1185
1539,61,1186
1540,61,1187
1541,61,1188
1542,61,1189
1543,61,1190
1544,61,1191
1545,61,1192
1546,61,1193
1547,61,1194
1548,61,1195
1549,61,1196
1550,64,1197
1551,64,1198
1552,64,1199
1553,64,1200
1554,66,1201
1555,66,1202
1556,66,1203
1557,66,1204
1558,66,1205
1559,66,1206
1560,66,1207
1561,66,1208
1562,66,1209
1563,66,1097
1564,66,1210
1565,66,1197
1566,66,1211
1567,66,1212
1568,66,1213
1569,66,1214
1570,66,1215
1571,69,1216
1572,69,1217
1573,69,1218
1574,70,1219
1575,70,1220
1576,70,1221
1577,71,1222
1578,72,1223
1579,74,1224
1580,74,1225
1581,75,1226
1582,76,1227
1583,78,1173
1584,80,1228
1585,80,1229
1586,80,1230
1587,80,1231
1588,80,1232
1589,80,1233
1590,80,1217
1591,80,1095
1592,80,1234
1593,80,1235
1594,80,1218
1595,80,1098
1596,81,1236
1597,81,1237
1598,82,1238
1599,82,1236
1600,82,1239
1601,82,1230
1602,82,1240
1603,82,1241
1604,82,1242
1605,82,1243
1606,82,1244
1607,82,1245
1608,82,1246
1609,90,1247
1610,90,1248
1611,90,1249
1612,90,1250
1613,90,1251
1614,90,1252
1615,90,1253
1616,90,1254
1617,90,1255
1618,90,1206
1619,90,1256
1620,90,1159
1621,90,1257
1622,90,1258
1623,90,1259
1624,90,1260
1625,90,1261
1626,90,1262
1627,90,1210
1628,91,1263
1629,91,1264
1630,91,1265
1631,91,1266
1632,91,1267
1633,91,1268
1634,91,1269
1635,91,1270
1636,91,1271
1637,91,1272
1638,91,1273
1639,91,1274
1640,91,1275
1641,91,1276
1642,91,1277
1643,91,1278
1644,91,1279
1645,91,1280
1646,91,1281
1647,92,1282
1648,92,1283
1649,92,1158
1650,92,1284
1651,93,1269
1652,93,1266
1653,93,1285
1654,93,1286
1655,93,1287
1656,93,1288
1657,93,1267
1658,93,1289
1659,93,1290
1660,93,1291
1661,93,1292
1662,93,1261
1663,93,1293
1664,93,1294
1665,93,1295
1666,93,1272
1667,93,1296
1668,93,1297
1669,93,1298
1670,93,1299
1671,95,1300
1672,95,1145
1673,95,1301
1674,96,1302
1675,97,1298
1676,100,1303
1677,105,1240
1678,105,1245
1679,105,1244
1680,105,1246
1681,106,1304
1682,106,1305
1683,106,1303
1684,106,1245
1685,106,1244
1686,107,1244
1687,108,1236
1688,110,1306
1689,110,1307
1690,110,1308
1691,110,1309
1692,111,1307
1693,112,1310
1694,112,1311
1695,112,1295
1696,112,1312
1697,112,1313
1698,112,1314
1699,112,1315
1700,112,1316
1701,112,1317
1702,112,1318
1703,112,1319
1704,112,1320
1705,112,1321
1706,112,1322
1707,112,1323
1708,112,1324
1709,112,1325
1710,112,1326
1711,112,1327
1712,113,1310
1713,113,1295
1714,113,1328
1715,116,1329
1716,1,1330
1717,1,1331
1718,1,1332
1719,6,1333
1720,6,1334
1721,6,1335
1722,10,1336
1723,10,1337
1724,10,1335
1725,10,1338
1726,12,1334
1727,12,1339
1728,12,1340
1729,16,1341
1730,16,1338
1731,17,1342
1732,17,1343
1733,17,1344
1734,17,1345
1735,17,1346
1736,17,1347
1737,17,1348
1738,17,1349
1739,17,1350
1740,17,1351
1741,17,1352
1742,17,1353
1743,17,1354
1744,19,1347
1745,22,1350
1746,24,1355
1747,24,1356
1748,24,1357
1749,24,1358
1750,24,1359
1751,24,1360
1752,24,1361
1753,24,1362
1754,24,1363
1755,24,1364
1756,24,1365
1757,24,1366
1758,24,1367
1759,24,1368
1760,24,1369
1761,24,1370
1762,26,1371
1763,27,1355
1764,27,1363
1765,27,1357
1766,27,1367
1767,27,1349
1768,27,1372
1769,29,1356
1770,29,1361
1771,29,1360
1772,29,1359
1773,29,1368
1774,29,1373
1775,29,1374
1776,29,1375
1777,29,1364
1778,29,1369
1779,29,1366
1780,29,1365
1781,29,1376
1782,29,1377
1783,29,1378
1784,29,1379
1785,29,1380
1786,34,1381
1787,34,1367
1788,37,1373
1789,38,1382
1790,39,1383
1791,39,1384
1792,39,1385
1793,39,1386
1794,39,1387
1795,39,1377
1796,39,1388
1797,39,1389
1798,39,1390
1799,40,1391
1800,40,1383
1801,40,1390
1802,41,1347
1803,41,1362
1804,41,1392
1805,41,1345
1806,41,1383
1807,41,1387
1808,41,1393
1809,41,1377
1810,44,1394
1811,44,1395
1812,46,1396
1813,48,1397
1814,50,1398
1815,52,1398
1816,53,1399
1817,56,1400
1818,57,1401
1819,57,1402
1820,57,1403
1821,57,1404
1822,57,1405
1823,57,1406
1824,57,1407
1825,57,1408
1826,57,1409
1827,57,1410
1828,57,1411
1829,57,1412
1830,57,1413
1831,57,1414
1832,57,1415
1833,57,1416
1834,57,1417
1835,57,1418
1836,60,1419
1837,61,1420
1838,61,1421
1839,61,1422
1840,61,1412
1841,61,1423
1842,61,1403
1843,61,1424
1844,61,1406
1845,61,1425
1846,61,1426
1847,61,1427
1848,61,1428
1849,61,1429
1850,61,1430
1851,61,1431
1852,61,1432
1853,61,1433
1854,61,1434
1855,64,1435
1856,64,1436
1857,64,1437
1858,66,1438
1859,66,1439
1860,66,1413
1861,66,1440
1862,66,1441
1863,66,1442
1864,66,1443
1865,66,1444
1866,66,1445
1867,66,1418
1868,66,1446
1869,66,1447
1870,66,1448
1871,68,1449
1872,68,1450
1873,70,1451
1874,70,1452
1875,71,1453
1876,72,1449
1877,72,1454
1878,74,1455
1879,74,1456
1880,75,1457
1881,75,1458
1882,75,1418
1883,78,1459
1884,78,1460
1885,78,1461
1886,78,1462
1887,80,1463
1888,80,1464
1889,80,1465
1890,81,1466
1891,82,1467
1892,82,1468
1893,82,1339
1894,82,1469
1895,82,1460
1896,82,1470
1897,82,1471
1898,82,1400
1899,82,1472
1900,82,1462
1901,85,1473
1902,85,1474
1903,85,1475
1904,88,1449
1905,88,1476
1906,90,1441
1907,90,1477
1908,90,1443
1909,90,1478
1910,90,1411
1911,90,1479
1912,90,1480
1913,90,1481
1914,90,1482
1915,90,1450
1916,90,1483
1917,90,1484
1918,90,1485
1919,91,1457
1920,91,1486
1921,91,1487
1922,91,1488
1923,91,1489
1924,91,1490
1925,91,1491
1926,91,1430
1927,91,1492
1928,91,1493
1929,91,1494
1930,91,1350
1931,91,1495
1932,91,1496
1933,91,1497
1934,91,1498
1935,91,1499
1936,92,1500
1937,92,1501
1938,92,1502
1939,93,1503
1940,93,1504
1941,93,1505
1942,93,1506
1943,93,1507
1944,93,1490
1945,93,1495
1946,93,1492
1947,93,1508
1948,93,1509
1949,93,1494
1950,93,1510
1951,93,1511
1952,93,1512
1953,93,1513
1954,95,1514
1955,95,1498
1956,95,1515
1957,97,1516
1958,97,1507
1959,98,1517
1960,98,1518
1961,102,1503
1962,102,1373
1963,102,1519
1964,102,1520
1965,102,1521
1966,102,1466
1967,102,1522
1968,102,1523
1969,104,1524
1970,104,1392
1971,104,1525
1972,104,1513
1973,105,1468
1974,106,1526
1975,106,1468
1976,106,1489
1977,106,1527
1978,106,1433
1979,106,1466
1980,106,1471
1981,106,1519
1982,106,1528
1983,106,1529
1984,107,1526
1985,110,1530
1986,110,1531
1987,110,1520
1988,110,1524
1989,110,1522
1990,110,1532
1991,110,1533
1992,110,1534
1993,110,1521
1994,110,1535
1995,110,1536
1996,112,1537
1997,112,1538
1998,112,1539
1999,112,1540
2000,112,1530
2001,112,1541
2002,112,1542
2003,112,1543
2004,112,1544
2005,112,1545
2006,112,1546
2007,112,1547
2008,113,1530
2009,115,1548
2010,115,1509
2011,116,1549
2012,1,1550
2013,1,1551
2014,4,1550
2015,6,1552
2016,6,1553
2017,9,1554
2018,10,1555
2019,12,1550
2020,12,1556
2021,12,1557
2022,12,1553
2023,17,1558
2024,17,1559
2025,17,1560
2026,17,1561
2027,17,1562
2028,17,1563
2029,17,1564
2030,17,1565
2031,17,1566
2032,17,1567
2033,17,1568
2034,17,1569
2035,17,1570
2036,17,1571
2037,17,1572
2038,17,1573
2039,18,1565
2040,19,1558
2041,21,1558
2042,22,1572
2043,24,1574
2044,24,1575
2045,24,1576
2046,24,1577
2047,24,1578
2048,24,1579
2049,24,1580
2050,24,1581
2051,24,1582
2052,24,1583
2053,24,1584
2054,24,1585
2055,24,1586
2056,24,1587
2057,24,1588
2058,24,1589
2059,24,1590
2060,24,1591
2061,24,1592
2062,24,1593
2063,29,1577
2064,29,1579
2065,29,1578
2066,29,1594
2067,29,1582
2068,29,1587
2069,29,1595
2070,29,1585
2071,29,1596
2072,29,1589
2073,29,1586
2074,29,1592
2075,29,1437
2076,29,1597
2077,29,1598
2078,29,1590
2079,32,1599
2080,35,1600
2081,36,1601
2082,39,1601
2083,40,1601
2084,40,1602
2085,40,1603
2086,41,1561
2087,41,1577
2088,41,1604
2089,41,1565
2090,41,1571
2091,44,1605
2092,44,1606
2093,44,1607
2094,44,1608
2095,48,1609
2096,56,1610
2097,56,1611
2098,57,1612
2099,57,1613
2100,57,1614
2101,57,1615
2102,57,1616
2103,57,1617
2104,57,1618
2105,57,1619
2106,57,1620
2107,57,1621
2108,57,1622
2109,57,1623
2110,57,1624
2111,57,1625
2112,57,1626
2113,57,1627
2114,57,1628
2115,57,1629
2116,61,1618
2117,61,1622
2118,61,1630
2119,61,1615
2120,61,1624
2121,61,1631
2122,61,1632
2123,61,1415
2124,61,1633
2125,61,1634
2126,61,1635
2127,61,1636
2128,61,1637
2129,61,1638
2130,61,1639
2131,61,1640
2132,61,1641
2133,61,1642
2134,63,1643
2135,64,1644
2136,64,1645
2137,65,1646
2138,66,1647
2139,66,1648
2140,66,1649
2141,66,1650
2142,66,1651
2143,66,1646
2144,66,1652
2145,66,1653
2146,66,1654
2147,66,1655
2148,66,1656
2149,66,1657
2150,66,1658
2151,66,1659
2152,66,1660
2153,66,1661
2154,66,1662
2155,68,1663
2156,69,1664
2157,70,1665
2158,70,1666
2159,72,1663
2160,74,1667
2161,75,1652
2162,78,1668
2163,78,1610
2164,78,1669
2165,78,1670
2166,78,1556
2167,78,1671
2168,79,1561
2169,80,1672
2170,80,1673
2171,80,1554
2172,80,1674
2173,80,1664
2174,81,1675
2175,81,1676
2176,81,1677
2177,82,1668
2178,82,1669
2179,82,1670
2180,82,1678
2181,82,1679
2182,82,1675
2183,82,1676
2184,82,1680
2185,82,1681
2186,82,1682
2187,82,1677
2188,82,1683
2189,82,1684
2190,82,1671
2191,87,1685
2192,90,1686
2193,90,1687
2194,90,1688
2195,90,1689
2196,90,1690
2197,90,1691
2198,90,1692
2199,90,1653
2200,90,1693
2201,90,1694
2202,90,1695
2203,90,1696
2204,90,1697
2205,90,1698
2206,90,1652
2207,90,1699
2208,90,1700
2209,90,1701
2210,90,1702
2211,91,1703
2212,91,1704
2213,91,1705
2214,91,1706
2215,91,1707
2216,91,1689
2217,91,1708
2218,91,1709
2219,91,1710
2220,91,1711
2221,91,1712
2222,91,1713
2223,91,1714
2224,91,1662
2225,91,1715
2226,92,1551
2227,93,1704
2228,93,1716
2229,93,1717
2230,93,1718
2231,93,1697
2232,93,1719
2233,93,1720
2234,93,1721
2235,93,1722
2236,93,1723
2237,93,1724
2238,93,1725
2239,93,1726
2240,93,1727
2241,93,1728
2242,94,1645
2243,95,1729
2244,95,1713
2245,95,1730
2246,97,1639
2247,98,1719
2248,98,1731
2249,98,1732
2250,102,1733
2251,102,1680
2252,102,1600
2253,102,1734
2254,102,1735
2255,102,1736
2256,104,1737
2257,105,1678
2258,106,1610
2259,106,1678
2260,106,1738
2261,106,1679
2262,106,1680
2263,107,1738
2264,110,1739
2265,110,1740
2266,110,1741
2267,110,1742
2268,110,1743
2269,110,1718
2270,110,1733
2271,110,1744
2272,110,1745
2273,110,1746
2274,110,1747
2275,110,1748
2276,111,1733
2277,111,1747
2278,112,1749
2279,112,1750
2280,112,1751
2281,112,1752
2282,112,1753
2283,112,1754
2284,112,1755
2285,112,1756
2286,112,1568
2287,112,1757
2288,112,1758
2289,112,1759
2290,112,1760
2291,112,1761
2292,112,1762
2293,112,1763
2294,112,1764
2295,112,1765
2296,112,1766
2297,115,1767
2298,1,1768
2299,4,1768
2300,6,1769
2301,17,1770
2302,17,1771
2303,17,1772
2304,17,1773
2305,17,1774
2306,17,1775
2307,24,1776
2308,24,1777
2309,24,1778
2310,24,1779
2311,24,1780
2312,24,1781
2313,24,1782
2314,24,1775
2315,24,1783
2316,24,1771
2317,24,1784
2318,27,1777
2319,29,1778
2320,29,1781
2321,29,1785
2322,29,1786
2323,29,1784
2324,29,1787
2325,29,1774
2326,35,1788
2327,39,1789
2328,39,1790
2329,39,1791
2330,39,1771
2331,39,1792
2332,39,1774
2333,40,1793
2334,40,1794
2335,40,1795
2336,40,1796
2337,41,1797
2338,41,1773
2339,41,1798
2340,44,1797
2341,44,1799
2342,48,1800
2343,48,1801
2344,50,1802
2345,57,1803
2346,57,1804
2347,57,1805
2348,57,1806
2349,57,1807
2350,57,1808
2351,57,1809
2352,57,1810
2353,57,1811
2354,57,1812
2355,61,1813
2356,61,1814
2357,61,1815
2358,61,1816
2359,61,1817
2360,61,1809
2361,61,1818
2362,61,1819
2363,61,1820
2364,61,1810
2365,61,1821
2366,61,1822
2367,62,1823
2368,64,1824
2369,66,1823
2370,66,1825
2371,66,1826
2372,66,1827
2373,66,1644
2374,70,1828
2375,71,1829
2376,74,1830
2377,74,1831
2378,74,1832
2379,74,1833
2380,74,1834
2381,78,1835
2382,80,1836
2383,81,1837
2384,82,1838
2385,82,1839
2386,82,1840
2387,82,1841
2388,82,1842
2389,82,1843
2390,82,1844
2391,85,1845
2392,90,1846
2393,90,1847
2394,90,1848
2395,90,1849
2396,90,1850
2397,90,1851
2398,91,1852
2399,91,1853
2400,91,1830
2401,91,1854
2402,91,1855
2403,91,1856
2404,91,1857
2405,91,1858
2406,91,1834
2407,91,1859
2408,91,1860
2409,92,1861
2410,92,1862
2411,93,1863
2412,93,1855
2413,93,1864
2414,93,1865
2415,93,1866
2416,93,1867
2417,93,1868
2418,93,1840
2419,93,1869
2420,93,1870
2421,93,1871
2422,93,1872
2423,93,1873
2424,93,1874
2425,93,1875
2426,93,1876
2427,93,1877
2428,94,1822
2429,95,1797
2430,95,1861
2431,97,1871
2432,97,1878
2433,102,1841
2434,102,1879
2435,102,1880
2436,102,1881
2437,102,1882
2438,102,1883
2439,102,1802
2440,102,1884
2441,102,1885
2442,104,1886
2443,105,1838
2444,105,1839
2445,105,1842
2446,105,1844
2447,106,1886
2448,106,1887
2449,106,1888
2450,106,1881
2451,106,1889
2452,110,1890
2453,110,1891
2454,110,1788
2455,110,1892
2456,110,1893
2457,110,1894
2458,110,1882
2459,110,1895
2460,110,1896
2461,110,1897
2462,112,1898
2463,112,1899
2464,112,1900
2465,112,1901
2466,112,1902
2467,115,1903
2468,116,1904
2469,1,1905
2470,1,1906
2471,5,1905
2472,10,1907
2473,17,1908
2474,17,1909
2475,17,1910
2476,17,1911
2477,17,1912
2478,17,1913
2479,17,1914
2480,17,1915
2481,17,1916
2482,24,1917
2483,24,1918
2484,24,1919
2485,24,1920
2486,24,1921
2487,24,1922
2488,24,1923
2489,27,1921
2490,29,1917
2491,29,1918
2492,29,1920
2493,29,1919
2494,29,1921
2495,29,1924
2496,31,1925
2497,32,1926
2498,39,1927
2499,40,1928
2500,41,1908
2501,44,1929
2502,44,1930
2503,48,1931
2504,57,1932
2505,57,1933
2506,57,1934
2507,57,1935
2508,57,1936
2509,57,1937
2510,57,1938
2511,57,1939
2512,57,1653
2513,57,1642
2514,61,1936
2515,61,1940
2516,61,1941
2517,61,1942
2518,61,1943
2519,61,1944
2520,61,1945
2521,61,1946
2522,63,1947
2523,63,1948
2524,64,1949
2525,66,1949
2526,70,1950
2527,72,1951
2528,74,1952
2529,74,1953
2530,74,1954
2531,74,1955
2532,75,1949
2533,76,1956
2534,76,1957
2535,78,1958
2536,78,1959
2537,78,1960
2538,82,1961
2539,82,1962
2540,82,1959
2541,82,1963
2542,82,1964
2543,82,1965
2544,90,1966
2545,90,1967
2546,90,1935
2547,90,1968
2548,90,1969
2549,90,1970
2550,90,1971
2551,91,1972
2552,91,1973
2553,91,1974
2554,91,1975
2555,91,1976
2556,91,1977
2557,91,1978
2558,91,1979
2559,92,1974
2560,92,1980
2561,93,1952
2562,93,1973
2563,93,1981
2564,96,1982
2565,97,1983
2566,97,1973
2567,102,1984
2568,102,1985
2569,102,1986
2570,102,1987
2571,104,1963
2572,105,1963
2573,105,1965
2574,106,1963
2575,106,1961
2576,106,1988
2577,110,1986
2578,112,1989
2579,112,1990
2580,112,1991
2581,112,1992
2582,112,1993
2583,112,1994
2584,112,1995
2585,112,1996
2586,9,1997
2587,12,1997
2588,12,1998
2589,12,1999
2590,17,2000
2591,17,2001
2592,17,2002
2593,24,2003
2594,24,2004
2595,24,2005
2596,24,2006
2597,24,2007
2598,24,2008
2599,24,2009
2600,24,2010
2601,27,2003
2602,27,2007
2603,29,2005
2604,29,2011
2605,29,2004
2606,29,2012
2607,29,2006
2608,29,2007
2609,29,2008
2610,39,2013
2611,39,2014
2612,39,2012
2613,39,2001
2614,39,2015
2615,40,2016
2616,41,2012
2617,41,2004
2618,41,2017
2619,57,2018
2620,57,2019
2621,57,2020
2622,57,2021
2623,57,2022
2624,57,2023
2625,57,2024
2626,57,2025
2627,57,2026
2628,61,2027
2629,61,2024
2630,61,2028
2631,61,2029
2632,61,2030
2633,61,2031
2634,61,2032
2635,61,2033
2636,61,2034
2637,70,2035
2638,82,2036
2639,82,2037
2640,82,2038
2641,82,2039
2642,90,2040
2643,90,2041
2644,90,2042
2645,90,2043
2646,90,2044
2647,90,2045
2648,90,2046
2649,90,2047
2650,90,2048
2651,90,2049
2652,91,2050
2653,91,2051
2654,91,2052
2655,91,2053
2656,91,2054
2657,93,2055
2658,93,2056
2659,93,2054
2660,93,2057
2661,97,2058
2662,97,2059
2663,102,2060
2664,104,2017
2665,105,2036
2666,106,2036
2667,106,2061
2668,110,2062
2669,110,2060
2670,112,2063
2671,112,2064
2672,112,1998
2673,112,2065
2674,112,2066
2675,112,2067
2676,112,2068
2677,112,2069
2678,112,697
2679,113,1998
2680,115,2070
2681,1,2071
2682,1,2072
2683,1,2073
2684,2,2073
2685,6,2074
2686,6,2075
2687,12,2076
2688,12,2073
2689,12,2077
2690,12,2078
2691,16,2076
2692,16,2078
2693,17,2079
2694,17,2080
2695,17,2081
2696,17,2082
2697,17,2083
2698,17,2084
2699,17,2085
2700,17,2086
2701,21,2079
2702,24,2087
2703,24,2088
2704,24,2089
2705,24,2090
2706,24,2091
2707,27,2090
2708,29,2088
2709,29,2087
2710,29,2089
2711,29,2084
2712,40,2092
2713,41,2093
2714,41,2094
2715,41,2095
2716,44,2096
2717,44,2097
2718,46,2093
2719,50,2071
2720,57,2098
2721,57,2099
2722,57,2100
2723,57,2101
2724,57,2102
2725,57,2103
2726,57,2104
2727,57,2105
2728,61,2101
2729,61,2098
2730,61,2099
2731,61,2106
2732,61,2103
2733,61,2107
2734,61,2105
2735,61,2108
2736,61,2109
2737,61,2110
2738,61,2111
2739,61,2112
2740,61,2113
2741,61,2114
2742,61,2115
2743,61,2116
2744,61,2117
2745,63,2118
2746,66,2119
2747,66,2120
2748,66,2121
2749,66,2096
2750,66,2122
2751,66,2123
2752,76,2124
2753,78,2125
2754,80,2077
2755,81,2126
2756,82,2125
2757,82,2126
2758,90,2127
2759,90,2128
2760,90,2129
2761,90,2130
2762,90,2131
2763,90,2132
2764,90,2133
2765,90,2134
2766,90,2135
2767,91,2136
2768,91,2137
2769,91,2138
2770,91,2071
2771,91,2139
2772,91,2140
2773,91,2141
2774,91,2142
2775,91,2116
2776,92,2139
2777,92,2143
2778,93,2124
2779,93,2144
2780,93,2142
2781,93,2145
2782,93,2146
2783,93,2147
2784,93,2148
2785,93,2111
2786,93,2149
2787,95,2150
2788,95,2097
2789,95,2151
2790,95,2108
2791,97,2152
2792,98,2118
2793,98,2153
2794,102,2146
2795,102,2072
2796,102,2154
2797,102,2155
2798,102,2156
2799,106,2157
2800,106,2154
2801,106,2158
2802,110,2159
2803,112,2160
2804,112,2161
2805,112,2162
2806,112,2163
2807,112,2164
2808,112,2165
2809,112,2166
2810,112,2167
2811,112,2168
2812,114,2093
2813,115,2164
2814,12,2169
2815,17,2170
2816,17,2171
2817,24,2172
2818,57,2173
2819,61,2174
2820,61,2175
2821,61,2176
2822,61,2177
2823,61,2178
2824,91,2179
2825,91,2180
2826,91,2181
2827,91,2182
2828,93,2183
2829,93,2184
2830,93,2181
2831,95,2185
2832,95,2175
2833,97,2186
2834,102,2187
2835,110,2188
2836,110,2189
2837,112,2180
2838,1,2190
2839,1,2191
2840,1,2192
2841,1,2193
2842,1,2194
2843,1,2195
2844,1,2196
2845,1,2197
2846,1,2198
2847,1,2199
2848,1,2200
2849,1,2201
2850,1,2202
2851,1,2203
2852,5,2191
2853,5,2192
2854,12,2204
2855,12,2205
2856,12,2206
2857,13,2206
2858,17,2207
2859,17,2208
2860,17,2209
2861,17,2210
2862,17,2211
2863,17,2212
2864,17,2213
2865,24,2214
2866,24,2215
2867,24,2216
2868,29,2217
2869,29,2216
2870,39,2216
2871,39,2215
2872,50,2218
2873,50,2219
2874,50,2220
2875,51,2219
2876,51,2218
2877,51,2220
2878,61,2221
2879,61,2222
2880,61,2223
2881,61,2224
2882,61,2225
2883,63,2226
2884,64,2227
2885,66,2228
2886,66,2219
2887,66,2229
2888,74,2230
2889,80,2231
2890,90,2232
2891,90,2233
2892,90,2229
2893,90,2234
2894,91,2235
2895,91,2236
2896,91,2237
2897,91,2205
2898,91,2238
2899,91,2239
2900,91,2240
2901,91,2200
2902,93,2241
2903,93,2239
2904,93,2242
2905,93,2240
2906,95,2243
2907,95,2224
2908,95,2239
2909,95,2244
2910,95,2245
2911,98,2246
2912,102,2247
2913,102,2248
2914,102,2249
2915,102,2218
2916,102,2224
2917,102,2225
2918,106,2250
2919,110,2251
2920,110,2252
2921,110,2248
2922,110,2253
2923,110,2254
2924,112,2255
2925,1,2256
2926,1,2257
2927,1,2258
2928,1,2259
2929,1,2260
2930,1,2261
2931,1,2262
2932,1,2263
2933,2,2261
2934,3,2257
2935,17,2264
2936,17,2265
2937,17,2266
2938,17,2267
2939,17,2268
2940,39,2269
2941,41,2270
2942,50,2256
2943,57,2271
2944,57,2272
2945,61,2273
2946,61,2271
2947,61,2274
2948,61,2275
2949,61,2272
2950,61,2276
2951,61,2277
2952,63,2278
2953,90,2279
2954,90,2280
2955,91,2281
2956,91,2282
2957,91,2283
2958,92,2284
2959,92,2285
2960,93,2285
2961,93,2286
2962,95,2287
2963,95,2288
2964,95,2275
2965,95,2272
2966,97,2289
2967,98,2281
2968,106,2290
2969,110,2258
2970,112,2291
2971,114,2292
2972,1,2293
2973,1,2294
2974,1,2295
2975,1,2296
2976,1,2297
2977,3,2294
2978,12,2298
2979,17,2299
2980,17,2300
2981,17,2301
2982,17,2302
2983,17,2303
2984,17,2304
2985,22,2300
2986,24,2305
2987,27,2305
2988,61,2306
2989,61,2307
2990,61,2308
2991,65,2309
2992,66,2309
2993,66,2310
2994,66,2311
2995,86,2312
2996,90,2313
2997,90,2314
2998,91,2315
2999,95,2316
3000,95,2317
3001,98,2318
3002,98,2319
3003,104,2320
3004,110,2321
3005,110,2322
3006,112,2323
3007,1,2324
3008,1,2325
3009,17,2326
3010,17,2327
3011,17,2328
3012,61,2329
3013,63,2330
3014,91,2331
3015,91,2332
3016,93,2333
3017,95,2334
3018,95,2335
3019,95,2336
3020,98,2330
3021,98,2337
3022,110,2338
3023,1,2339
3024,1,2340
3025,12,2341
3026,17,2342
3027,17,2343
3028,17,2344
3029,22,2343
3030,50,2345
3031,61,2346
3032,61,2347
3033,61,2348
3034,93,2349
3035,110,2350
3036,112,2351
3037,112,2352
3038,93,2353
3039,1,2354
3040,1,2355
3041,1,2356
3042,2,2354
3043,2,2356
3044,2,2355
3045,12,2355
3046,17,2357
3047,17,2358
3048,61,2359
3049,61,2360
3050,80,2361
3051,80,2356
3052,80,2362
3053,80,2363
3054,91,2364
3055,91,2365
3056,93,2364
3057,93,2360
3058,93,2366
3059,93,2367
3060,95,2368
3061,95,2369
3062,95,2370
3063,1,2371
3064,1,2372
3065,2,2372
3066,12,2373
3067,17,2374
3068,17,2375
3069,17,2376
3070,50,2377
3071,61,2378
3072,61,2379
3073,61,2380
3074,80,2381
3075,90,2382
3076,93,2383
3077,95,2378
3078,110,2384
3079,1,2385
3080,1,2386
3081,1,2387
3082,2,2386
3083,2,2387
3084,4,2386
3085,12,2388
3086,12,2386
3087,17,2389
3088,17,2390
3089,17,2391
3090,17,2392
3091,61,2393
3092,61,2394
3093,90,2395
3094,93,2394
3095,93,2396
3096,93,2397
3097,93,2398
3098,1,2399
3099,1,2400
3100,12,2401
3101,12,2402
3102,12,2403
3103,17,2404
3104,17,2405
3105,17,2406
3106,17,2407
3107,17,2408
3108,17,2400
3109,17,2409
3110,17,2410
3111,57,2411
3112,61,2411
3113,61,2412
3114,80,2401
3115,80,2413
3116,91,2414
3117,95,2415
3118,112,2416
3119,17,2417
3120,35,2418
3121,57,2419
3122,61,2419
3123,63,2420
3124,93,2421
3125,93,2422
3126,93,2423
3127,95,2420
3128,102,2424
3129,110,2418
3130,112,2425
3131,112,2426
3132,113,2425
3133,1,2427
3134,2,2427
3135,12,2428
3136,16,2428
3137,16,2429
3138,17,2430
3139,39,2431
3140,39,2432
3141,57,2433
3142,61,2433
3143,91,2434
3144,102,2431
3145,110,2431
3146,17,2435
3147,17,2436
3148,57,2437
3149,61,2438
3150,61,2437
3151,61,2439
3152,80,2440
3153,90,2440
3154,90,2441
3155,93,2442
3156,1,2443
3157,1,2444
3158,2,2443
3159,5,2444
3160,16,2445
3161,16,2446
3162,17,2447
3163,17,2448
3164,17,2449
3165,17,2450
3166,17,2451
3167,17,2452
3168,17,2453
3169,39,2449
3170,57,2454
3171,57,2455
3172,57,2456
3173,61,2454
3174,61,2457
3175,61,2458
3176,61,2456
3177,61,2459
3178,61,2460
3179,61,2461
3180,61,2462
3181,80,2463
3182,90,2464
3183,90,2465
3184,91,2466
3185,93,2467
3186,93,2464
3187,99,2468
3188,102,2468
3189,106,2468
3190,112,2469
3191,1,2470
3192,1,2471
3193,1,2472
3194,1,2473
3195,1,2474
3196,5,2470
3197,17,2475
3198,17,2476
3199,17,2477
3200,17,2478
3201,17,2474
3202,17,2473
3203,57,2479
3204,61,2479
3205,61,2480
3206,72,2481
3207,78,2482
3208,91,2483
3209,93,2484
3210,110,2470
3211,110,2482
3212,110,2485
3213,111,2482
3214,1,2486
3215,1,2487
3216,1,2488
3217,1,2489
3218,2,2488
3219,5,2487
3220,17,2490
3221,17,2491
3222,17,2492
3223,29,2493
3224,61,2494
3225,61,2495
3226,80,2488
3227,90,2486
3228,110,2496
3229,110,2497
3230,1,2498
3231,1,2499
3232,1,2500
3233,1,2501
3234,1,2502
3235,1,2503
3236,1,2504
3237,1,2505
3238,1,2506
3239,1,2507
3240,2,2504
3241,5,2507
3242,17,2508
3243,17,2500
3244,17,2502
3245,17,2509
3246,17,2510
3247,61,2511
3248,61,2512
3249,80,2504
3250,91,2513
3251,91,2514
3252,92,2501
3253,93,2515
3254,93,2516
3255,93,2517
3256,95,2518
3257,106,2519
3258,110,2498
3259,110,2520
3260,29,2521
3261,57,2522
3262,95,2523
3263,17,2524
3264,24,2524
3265,61,2525
3266,91,2526
3267,61,2527
3268,61,2528
3269,90,2529
3270,1,2530
3271,17,2531
3272,39,2532
3273,57,2533
3274,61,2533
3275,61,2534
3276,90,2535
3277,91,2536
3278,92,2530
3279,93,2536
3280,95,2536
3281,102,2537
3282,61,2538
3283,61,2539
3284,17,2540
3285,1,2541
3286,12,2542
3287,17,2543
3288,17,2544
3289,17,2545
3290,17,2546
3291,24,2547
3292,61,2548
3293,61,2549
3294,61,2550
3295,61,2551
3296,80,2542
3297,91,2552
3298,93,2549
3299,93,2553
3300,95,2549
3301,95,2550
3302,95,2554
3303,98,2552
3304,104,2555
3305,112,2556
3306,112,2547
