station_joint_id,station_id,joint_int_id
1,1,1
2,1,2
3,1,3
4,1,4
5,1,5
6,1,6
7,1,7
8,1,8
9,1,9
10,1,10
11,1,11
12,1,12
13,1,13
14,1,14
15,1,15
16,1,16
17,1,17
18,1,18
19,1,19
20,1,20
21,1,21
22,1,22
23,1,23
24,1,24
25,1,25
26,1,26
27,1,27
28,1,28
29,1,29
30,1,30
31,1,31
32,1,32
33,1,33
34,1,34
35,1,35
36,1,36
37,1,37
38,1,38
39,1,39
40,1,40
41,1,41
42,1,42
43,1,43
44,1,44
45,1,45
46,1,46
47,1,47
48,1,48
49,1,49
50,1,50
51,1,51
52,1,52
53,1,53
54,1,54
55,1,55
56,1,56
57,1,57
58,1,58
59,1,59
60,1,60
61,1,61
62,1,62
63,1,63
64,1,64
65,1,65
66,2,66
67,2,4
68,2,67
69,2,7
70,2,68
71,2,69
72,2,70
73,2,71
74,2,13
75,2,14
76,2,72
77,2,73
78,2,74
79,2,75
80,2,76
81,2,77
82,2,78
83,2,79
84,2,25
85,2,27
86,2,31
87,2,80
88,2,81
89,2,82
90,2,83
91,2,84
92,2,85
93,2,86
94,2,87
95,2,88
96,2,89
97,2,90
98,2,91
99,2,92
100,2,93
101,2,94
102,2,95
103,2,96
104,2,50
105,2,52
106,2,55
107,2,97
108,2,98
109,2,99
110,2,100
111,2,101
112,2,102
113,2,65
114,2,103
115,2,104
116,3,105
117,3,106
118,3,107
119,3,108
120,3,109
121,3,110
122,3,111
123,3,112
124,3,113
125,3,114
126,3,115
127,3,116
128,3,117
129,3,118
130,3,119
131,3,120
132,3,121
133,3,122
134,3,123
135,3,124
136,3,125
137,3,126
138,3,127
139,3,128
140,3,129
141,3,130
142,3,131
143,3,132
144,3,133
145,3,134
146,3,135
147,3,136
148,3,137
149,4,138
150,4,139
151,4,140
152,4,141
153,4,142
154,4,143
155,4,144
156,4,145
157,4,146
158,4,147
159,4,108
160,4,148
161,4,149
162,4,150
163,4,110
164,4,151
165,4,152
166,4,153
167,4,154
168,4,155
169,4,156
170,4,157
171,4,158
172,4,159
173,4,112
174,4,160
175,4,114
176,4,161
177,4,162
178,4,163
179,4,164
180,4,117
181,4,165
182,4,166
183,4,119
184,4,121
185,4,167
186,4,168
187,4,169
188,4,170
189,4,171
190,4,172
191,4,173
192,4,174
193,4,175
194,4,176
195,4,124
196,4,177
197,4,178
198,4,125
199,4,126
200,4,179
201,4,180
202,4,181
203,4,182
204,4,130
205,4,183
206,4,184
207,4,133
208,4,135
209,4,185
210,4,186
211,4,187
212,4,188
213,5,138
214,5,139
215,5,141
216,5,189
217,5,143
218,5,190
219,5,144
220,5,146
221,5,147
222,5,191
223,5,148
224,5,192
225,5,149
226,5,150
227,5,193
228,5,152
229,5,151
230,5,194
231,5,153
232,5,155
233,5,154
234,5,156
235,5,158
236,5,195
237,5,159
238,5,196
239,5,160
240,5,197
241,5,162
242,5,198
243,5,163
244,5,164
245,5,165
246,5,199
247,5,166
248,5,200
249,5,201
250,5,202
251,5,203
252,5,204
253,5,167
254,5,169
255,5,170
256,5,205
257,5,171
258,5,172
259,5,174
260,5,173
261,5,175
262,5,176
263,5,206
264,5,177
265,5,207
266,5,178
267,5,208
268,5,209
269,5,210
270,5,126
271,5,211
272,5,179
273,5,180
274,5,212
275,5,181
276,5,213
277,5,214
278,5,215
279,5,216
280,5,184
281,5,217
282,5,218
283,5,219
284,5,220
285,5,185
286,5,221
287,5,222
288,5,187
289,5,223
290,6,224
291,6,138
292,6,225
293,6,226
294,6,139
295,6,141
296,6,189
297,6,190
298,6,227
299,6,143
300,6,146
301,6,147
302,6,191
303,6,148
304,6,192
305,6,228
306,6,229
307,6,193
308,6,230
309,6,194
310,6,152
311,6,231
312,6,232
313,6,155
314,6,158
315,6,195
316,6,233
317,6,196
318,6,234
319,6,197
320,6,235
321,6,236
322,6,198
323,6,162
324,6,237
325,6,199
326,6,238
327,6,239
328,6,240
329,6,200
330,6,201
331,6,203
332,6,202
333,6,204
334,6,205
335,6,241
336,6,242
337,6,175
338,6,243
339,6,244
340,6,206
341,6,207
342,6,208
343,6,178
344,6,209
345,6,245
346,6,210
347,6,211
348,6,246
349,6,247
350,6,212
351,6,181
352,6,213
353,6,248
354,6,249
355,6,250
356,6,214
357,6,215
358,6,251
359,6,252
360,6,216
361,6,217
362,6,253
363,6,218
364,6,254
365,6,219
366,6,220
367,6,255
368,6,256
369,6,257
370,6,258
371,6,259
372,6,221
373,6,260
374,6,261
375,6,262
376,6,222
377,6,187
378,6,223
379,7,263
380,7,264
381,7,265
382,7,266
383,7,267
384,7,268
385,7,269
386,7,270
387,7,271
388,7,272
389,7,273
390,7,274
391,7,275
392,7,276
393,7,277
394,7,278
395,7,279
396,7,280
397,7,281
398,7,282
399,7,283
400,7,284
401,7,285
402,7,286
403,7,287
404,7,288
405,7,289
406,7,290
407,7,291
408,7,292
409,7,293
410,7,294
411,7,295
412,7,296
413,7,297
414,7,298
415,7,299
416,7,300
417,7,301
418,7,302
419,7,303
420,7,304
421,7,305
422,7,306
423,7,307
424,7,308
425,7,309
426,7,310
427,7,311
428,7,312
429,7,313
430,7,314
431,7,315
432,7,316
433,7,317
434,7,318
435,7,319
436,7,320
437,7,321
438,7,322
439,7,323
440,7,324
441,8,325
442,8,326
443,8,327
444,8,328
445,8,329
446,8,330
447,8,331
448,8,332
449,8,333
450,8,334
451,8,335
452,8,336
453,8,337
454,8,338
455,8,339
456,8,340
457,8,341
458,8,342
459,8,343
460,8,344
461,8,345
462,8,346
463,8,347
464,8,348
465,8,349
466,8,350
467,8,351
468,8,352
469,8,353
470,8,354
471,8,355
472,8,356
473,8,357
474,8,358
475,8,359
476,8,360
477,8,361
478,8,362
479,8,363
480,8,364
481,8,365
482,8,366
483,8,367
484,8,368
485,8,369
486,8,370
487,8,371
488,8,372
489,8,373
490,8,374
491,8,375
492,8,376
493,8,377
494,8,378
495,8,379
496,8,380
497,8,381
498,9,382
499,9,383
500,9,384
501,9,385
502,9,386
503,9,387
504,9,388
505,9,389
506,9,390
507,9,391
508,9,392
509,9,393
510,9,394
511,9,395
512,9,396
513,9,397
514,9,398
515,9,399
516,9,400
517,9,401
518,9,402
519,9,403
520,9,404
521,9,405
522,9,406
523,9,407
524,9,408
525,9,409
526,9,410
527,9,411
528,9,412
529,9,413
530,9,414
531,9,415
532,9,416
533,9,417
534,9,418
535,9,419
536,9,420
537,9,421
538,9,422
539,9,423
540,9,424
541,9,425
542,9,426
543,9,427
544,9,428
545,9,429
546,9,430
547,9,431
548,9,432
549,9,433
550,9,434
551,9,435
552,9,436
553,9,437
554,9,438
555,9,439
556,9,440
557,9,441
558,9,442
559,9,443
560,9,444
561,9,445
562,9,446
563,9,447
564,9,448
565,9,449
566,9,450
567,9,451
568,9,452
569,9,453
570,9,454
571,9,455
572,9,456
573,9,457
574,9,458
575,9,459
576,9,460
577,9,461
578,9,462
579,9,463
580,9,464
581,9,465
582,9,466
583,9,467
584,9,468
585,9,469
586,9,470
587,9,471
588,9,472
589,9,473
590,9,474
591,9,475
592,9,476
593,9,477
594,9,478
595,9,479
596,9,480
597,9,481
598,9,482
599,9,483
600,9,484
601,9,485
602,9,486
603,9,487
604,9,488
605,9,489
606,9,490
607,9,491
608,9,492
609,9,493
610,9,494
611,9,495
612,9,496
613,9,497
614,9,498
615,9,499
616,9,500
617,9,501
618,9,502
619,9,503
620,9,504
621,9,505
622,9,506
623,9,507
624,9,508
625,9,509
626,9,510
627,9,511
628,9,512
629,9,513
630,9,514
631,9,515
632,9,516
633,9,517
634,9,518
635,9,519
636,9,520
637,9,521
638,9,522
639,9,523
640,9,524
641,9,525
642,9,526
643,9,527
644,9,528
645,9,529
646,9,530
647,9,531
648,9,532
649,9,533
650,9,534
651,9,535
652,9,536
653,9,537
654,9,538
655,9,539
656,9,540
657,9,541
658,9,542
659,9,543
660,9,544
661,9,545
662,9,546
663,9,547
664,9,548
665,9,549
666,9,550
667,9,551
668,9,552
669,9,553
670,9,554
671,9,555
672,9,556
673,9,557
674,9,558
675,9,559
676,9,560
677,9,561
678,9,562
679,9,563
680,9,564
681,9,565
682,9,566
683,9,567
684,9,568
685,9,569
686,9,570
687,9,571
688,9,572
689,9,573
690,9,574
691,9,575
692,9,576
693,9,577
694,9,578
695,9,579
696,9,580
697,9,581
698,9,582
699,9,583
700,9,584
701,9,585
702,9,586
703,9,587
704,9,588
705,9,589
706,9,590
707,10,591
708,10,592
709,10,593
710,10,594
711,10,595
712,10,596
713,10,597
714,10,598
715,10,599
716,10,600
717,10,601
718,10,602
719,10,603
720,10,604
721,10,605
722,10,606
723,10,607
724,10,608
725,10,609
726,10,610
727,10,611
728,10,612
729,10,613
730,10,614
731,10,615
732,10,616
733,10,617
734,10,618
735,10,619
736,10,620
737,10,621
738,10,622
739,10,623
740,10,624
741,10,625
742,10,626
743,10,627
744,10,628
745,10,392
746,10,629
747,10,630
748,10,631
749,10,632
750,10,633
751,10,634
752,10,635
753,10,636
754,10,393
755,10,637
756,10,638
757,10,639
758,10,640
759,10,641
760,10,404
761,10,642
762,10,401
763,10,643
764,10,644
765,10,402
766,10,645
767,10,405
768,10,646
769,10,647
770,10,648
771,10,649
772,10,650
773,10,651
774,10,652
775,10,653
776,10,654
777,10,655
778,10,656
779,10,657
780,10,658
781,10,659
782,10,660
783,10,661
784,10,662
785,10,663
786,10,664
787,10,665
788,10,666
789,10,667
790,10,668
791,10,669
792,10,670
793,10,671
794,10,672
795,10,673
796,10,674
797,10,675
798,10,676
799,10,677
800,10,678
801,10,679
802,10,680
803,10,681
804,10,682
805,10,683
806,10,428
807,10,684
808,10,395
809,10,685
810,10,686
811,10,687
812,10,688
813,10,689
814,10,690
815,10,691
816,10,692
817,10,432
818,10,693
819,10,694
820,10,695
821,10,696
822,10,697
823,10,698
824,10,699
825,10,700
826,10,701
827,10,702
828,10,703
829,10,704
830,10,705
831,10,706
832,10,707
833,10,708
834,10,709
835,10,710
836,10,711
837,10,712
838,10,713
839,10,714
840,10,715
841,10,716
842,10,717
843,10,718
844,10,719
845,10,720
846,10,721
847,10,722
848,10,723
849,10,724
850,10,725
851,10,726
852,10,727
853,10,728
854,10,455
855,10,729
856,10,730
857,10,731
858,10,732
859,10,733
860,10,734
861,10,735
862,10,736
863,10,737
864,10,738
865,10,739
866,10,740
867,10,741
868,10,742
869,10,743
870,10,744
871,10,745
872,10,746
873,10,747
874,10,477
875,10,748
876,10,749
877,10,750
878,10,751
879,10,752
880,10,753
881,10,754
882,10,755
883,10,756
884,10,757
885,10,758
886,10,759
887,10,760
888,10,761
889,10,762
890,10,495
891,10,763
892,10,764
893,10,765
894,10,766
895,10,767
896,10,768
897,10,769
898,10,770
899,10,771
900,10,772
901,10,773
902,10,774
903,10,775
904,10,776
905,10,777
906,10,778
907,10,779
908,10,780
909,10,781
910,10,782
911,10,783
912,10,784
913,10,785
914,10,786
915,10,787
916,10,788
917,10,789
918,10,790
919,10,791
920,10,792
921,10,793
922,10,794
923,10,795
924,10,796
925,10,513
926,10,514
927,10,797
928,10,798
929,10,799
930,10,800
931,10,801
932,10,802
933,10,803
934,10,804
935,10,805
936,10,806
937,10,807
938,10,808
939,10,809
940,10,810
941,10,811
942,10,812
943,10,813
944,10,528
945,10,814
946,10,815
947,10,816
948,10,817
949,10,818
950,10,819
951,10,820
952,10,821
953,10,822
954,10,823
955,10,824
956,10,825
957,10,826
958,10,827
959,10,828
960,10,829
961,10,830
962,10,831
963,10,832
964,10,833
965,10,834
966,10,835
967,10,836
968,10,837
969,10,838
970,10,839
971,10,840
972,10,841
973,10,842
974,10,843
975,10,844
976,10,845
977,10,846
978,10,847
979,10,848
980,10,849
981,10,850
982,10,851
983,10,852
984,10,853
985,10,854
986,10,855
987,10,856
988,10,857
989,10,858
990,10,859
991,10,860
992,10,861
993,10,862
994,10,863
995,10,864
996,10,865
997,10,866
998,10,867
999,10,868
1000,10,869
1001,10,870
1002,10,871
1003,10,872
1004,10,873
1005,10,874
1006,10,564
1007,10,875
1008,10,876
1009,10,877
1010,10,878
1011,10,879
1012,10,566
1013,10,880
1014,10,881
1015,10,882
1016,10,883
1017,10,884
1018,10,885
1019,10,886
1020,10,887
1021,10,888
1022,10,889
1023,10,890
1024,10,891
1025,10,892
1026,10,893
1027,10,894
1028,10,895
1029,10,896
1030,10,897
1031,10,898
1032,10,899
1033,10,900
1034,10,901
1035,10,902
1036,10,903
1037,10,904
1038,10,905
1039,10,906
1040,10,397
1041,10,907
1042,10,908
1043,10,579
1044,10,909
1045,10,910
1046,10,911
1047,10,912
1048,10,913
1049,10,914
1050,10,915
1051,10,916
1052,10,917
1053,10,918
1054,10,919
1055,10,920
1056,10,921
1057,10,922
1058,10,923
1059,10,924
1060,10,925
1061,10,926
1062,10,927
1063,10,928
1064,11,929
1065,11,592
1066,11,593
1067,11,594
1068,11,595
1069,11,930
1070,11,931
1071,11,612
1072,11,615
1073,11,623
1074,11,621
1075,11,626
1076,11,625
1077,11,630
1078,11,631
1079,11,932
1080,11,632
1081,11,627
1082,11,624
1083,11,933
1084,11,934
1085,11,935
1086,11,936
1087,11,937
1088,11,938
1089,11,939
1090,11,940
1091,11,941
1092,11,942
1093,11,637
1094,11,645
1095,11,641
1096,11,943
1097,11,644
1098,11,643
1099,11,944
1100,11,945
1101,11,946
1102,11,947
1103,11,948
1104,11,949
1105,11,950
1106,11,951
1107,11,952
1108,11,652
1109,11,953
1110,11,896
1111,11,954
1112,11,655
1113,11,955
1114,11,662
1115,11,956
1116,11,957
1117,11,958
1118,11,959
1119,11,960
1120,11,961
1121,11,664
1122,11,962
1123,11,666
1124,11,963
1125,11,667
1126,11,964
1127,11,677
1128,11,965
1129,11,966
1130,11,676
1131,11,967
1132,11,681
1133,11,682
1134,11,683
1135,11,968
1136,11,684
1137,11,969
1138,11,685
1139,11,686
1140,11,970
1141,11,687
1142,11,971
1143,11,690
1144,11,688
1145,11,691
1146,11,692
1147,11,695
1148,11,693
1149,11,972
1150,11,696
1151,11,699
1152,11,973
1153,11,974
1154,11,703
1155,11,704
1156,11,707
1157,11,710
1158,11,713
1159,11,975
1160,11,712
1161,11,722
1162,11,976
1163,11,977
1164,11,978
1165,11,979
1166,11,980
1167,11,981
1168,11,982
1169,11,983
1170,11,732
1171,11,984
1172,11,985
1173,11,986
1174,11,987
1175,11,988
1176,11,725
1177,11,989
1178,11,727
1179,11,990
1180,11,991
1181,11,992
1182,11,731
1183,11,993
1184,11,728
1185,11,735
1186,11,737
1187,11,994
1188,11,995
1189,11,996
1190,11,997
1191,11,998
1192,11,999
1193,11,742
1194,11,743
1195,11,1000
1196,11,744
1197,11,752
1198,11,1001
1199,11,754
1200,11,757
1201,11,760
1202,11,759
1203,11,1002
1204,11,761
1205,11,1003
1206,11,1004
1207,11,1005
1208,11,1006
1209,11,765
1210,11,1007
1211,11,767
1212,11,770
1213,11,769
1214,11,1008
1215,11,1009
1216,11,1010
1217,11,1011
1218,11,1012
1219,11,773
1220,11,1013
1221,11,1014
1222,11,1015
1223,11,775
1224,11,776
1225,11,782
1226,11,784
1227,11,788
1228,11,786
1229,11,790
1230,11,1016
1231,11,792
1232,11,796
1233,11,894
1234,11,1017
1235,11,799
1236,11,802
1237,11,1018
1238,11,1019
1239,11,803
1240,11,1020
1241,11,1021
1242,11,1022
1243,11,1023
1244,11,1024
1245,11,1025
1246,11,1026
1247,11,1027
1248,11,1028
1249,11,1029
1250,11,1030
1251,11,1031
1252,11,1032
1253,11,823
1254,11,821
1255,11,1033
1256,11,827
1257,11,1034
1258,11,1035
1259,11,1036
1260,11,1037
1261,11,1038
1262,11,1039
1263,11,1040
1264,11,824
1265,11,1041
1266,11,1042
1267,11,1043
1268,11,1044
1269,11,1045
1270,11,831
1271,11,1046
1272,11,833
1273,11,1047
1274,11,836
1275,11,837
1276,11,1048
1277,11,838
1278,11,842
1279,11,1049
1280,11,847
1281,11,844
1282,11,1050
1283,11,1051
1284,11,1052
1285,11,1053
1286,11,1054
1287,11,1055
1288,11,850
1289,11,852
1290,11,853
1291,11,854
1292,11,856
1293,11,858
1294,11,1056
1295,11,860
1296,11,859
1297,11,862
1298,11,865
1299,11,866
1300,11,1057
1301,11,869
1302,11,1058
1303,11,871
1304,11,872
1305,11,873
1306,11,1059
1307,11,1060
1308,11,877
1309,11,876
1310,11,1061
1311,11,878
1312,11,881
1313,11,1062
1314,11,1063
1315,11,1064
1316,11,1065
1317,11,1066
1318,11,885
1319,11,1067
1320,11,1068
1321,11,1069
1322,11,892
1323,11,1070
1324,11,1071
1325,11,1072
1326,11,899
1327,11,1073
1328,11,1074
1329,11,900
1330,11,1075
1331,11,901
1332,11,902
1333,11,1076
1334,11,1077
1335,11,1078
1336,11,909
1337,11,914
1338,11,1079
1339,11,1080
1340,11,926
1341,11,923
1342,11,1081
1343,11,1082
1344,11,1083
1345,11,1084
1346,11,1085
1347,11,1086
1348,11,1087
1349,11,1088
1350,11,1089
1351,11,928
1352,11,1090
1353,11,927
1354,12,1091
1355,12,1092
1356,12,1093
1357,12,1094
1358,12,1095
1359,12,1096
1360,12,1097
1361,12,1098
1362,12,1099
1363,12,1100
1364,12,1101
1365,12,1102
1366,12,1103
1367,12,1104
1368,12,1105
1369,12,1106
1370,12,1107
1371,12,1108
1372,12,1109
1373,12,1110
1374,12,1111
1375,12,1112
1376,12,1113
1377,12,1114
1378,12,1115
1379,12,1116
1380,12,1117
1381,12,1118
1382,12,1119
1383,12,1120
1384,12,1121
1385,12,1122
1386,12,1123
1387,12,1124
1388,12,1125
1389,12,1126
1390,12,1127
1391,12,1128
1392,12,1129
1393,12,1130
1394,12,1131
1395,12,1132
1396,12,1133
1397,12,1134
1398,12,1135
1399,12,1136
1400,12,1137
1401,12,1138
1402,12,1139
1403,12,1140
1404,12,1141
1405,12,1142
1406,12,961
1407,12,1143
1408,12,1144
1409,12,1145
1410,12,1146
1411,12,1147
1412,12,1148
1413,12,1149
1414,12,963
1415,12,1150
1416,12,1151
1417,12,1152
1418,12,1153
1419,12,1154
1420,12,1155
1421,12,1156
1422,12,970
1423,12,1157
1424,12,1158
1425,12,1159
1426,12,697
1427,12,1160
1428,12,1161
1429,12,1162
1430,12,1163
1431,12,1164
1432,12,1165
1433,12,1166
1434,12,1167
1435,12,1168
1436,12,1169
1437,12,1170
1438,12,1171
1439,12,1172
1440,12,1173
1441,12,1174
1442,12,978
1443,12,1175
1444,12,1176
1445,12,1177
1446,12,1178
1447,12,1179
1448,12,1180
1449,12,1181
1450,12,1182
1451,12,1183
1452,12,1184
1453,12,1185
1454,12,1186
1455,12,1187
1456,12,1188
1457,12,1189
1458,12,1190
1459,12,1191
1460,12,1192
1461,12,1193
1462,12,1194
1463,12,1195
1464,12,1196
1465,12,1197
1466,12,1198
1467,12,1199
1468,12,1200
1469,12,1201
1470,12,1202
1471,12,1203
1472,12,1204
1473,12,1205
1474,12,1206
1475,12,1207
1476,12,1208
1477,12,1209
1478,12,1210
1479,12,1211
1480,12,1212
1481,12,1213
1482,12,1214
1483,12,1215
1484,12,1216
1485,12,1217
1486,12,1218
1487,12,1219
1488,12,1220
1489,12,1221
1490,12,1222
1491,12,1223
1492,12,1224
1493,12,1225
1494,12,1226
1495,12,1227
1496,12,1228
1497,12,1229
1498,12,1230
1499,12,1231
1500,12,1232
1501,12,1233
1502,12,1234
1503,12,1235
1504,12,1236
1505,12,1237
1506,12,1238
1507,12,1239
1508,12,1240
1509,12,1241
1510,12,1242
1511,12,1243
1512,12,1244
1513,12,1245
1514,12,1246
1515,12,1247
1516,12,1248
1517,12,1249
1518,12,1250
1519,12,1251
1520,12,1252
1521,12,1253
1522,12,1254
1523,12,1255
1524,12,1256
1525,12,1257
1526,12,1258
1527,12,1259
1528,12,1260
1529,12,1261
1530,12,1262
1531,12,1263
1532,12,1264
1533,12,1265
1534,12,1266
1535,12,1267
1536,12,1268
1537,12,1269
1538,12,1270
1539,12,1271
1540,12,1272
1541,12,1273
1542,12,1274
1543,12,1275
1544,12,1276
1545,12,1277
1546,12,1278
1547,12,1279
1548,12,1280
1549,12,1281
1550,12,1282
1551,12,1283
1552,12,1284
1553,12,1285
1554,12,1286
1555,12,1287
1556,12,1288
1557,12,1289
1558,12,1290
1559,12,1291
1560,12,1292
1561,12,1293
1562,12,1294
1563,12,1295
1564,12,1296
1565,12,1297
1566,12,1298
1567,12,1299
1568,12,1300
1569,12,1301
1570,12,1302
1571,12,1303
1572,12,1304
1573,12,1305
1574,12,1306
1575,12,1307
1576,12,1308
1577,12,1309
1578,12,1310
1579,12,1311
1580,12,1312
1581,12,1313
1582,12,1314
1583,12,1315
1584,12,1316
1585,12,1317
1586,12,1318
1587,12,1319
1588,12,1320
1589,12,1321
1590,12,1322
1591,12,1323
1592,12,1079
1593,12,1324
1594,12,1325
1595,12,1326
1596,12,1327
1597,12,1328
1598,12,1329
1599,13,1330
1600,13,1331
1601,13,1332
1602,13,1333
1603,13,1334
1604,13,1091
1605,13,1335
1606,13,1336
1607,13,1337
1608,13,1338
1609,13,1094
1610,13,1339
1611,13,1340
1612,13,1095
1613,13,1341
1614,13,1342
1615,13,1343
1616,13,1100
1617,13,1104
1618,13,1344
1619,13,1345
1620,13,1346
1621,13,1105
1622,13,1347
1623,13,1348
1624,13,1349
1625,13,1110
1626,13,1350
1627,13,1351
1628,13,1352
1629,13,1353
1630,13,1354
1631,13,1355
1632,13,1356
1633,13,1357
1634,13,1358
1635,13,1359
1636,13,1360
1637,13,1117
1638,13,1361
1639,13,1362
1640,13,1363
1641,13,1364
1642,13,1365
1643,13,1116
1644,13,1119
1645,13,1122
1646,13,1366
1647,13,1367
1648,13,1368
1649,13,1369
1650,13,1370
1651,13,1371
1652,13,1372
1653,13,1373
1654,13,1374
1655,13,1375
1656,13,1376
1657,13,1377
1658,13,1378
1659,13,1379
1660,13,1380
1661,13,1144
1662,13,1381
1663,13,1382
1664,13,1145
1665,13,1383
1666,13,1384
1667,13,1385
1668,13,1386
1669,13,1387
1670,13,1388
1671,13,1389
1672,13,1390
1673,13,1391
1674,13,1392
1675,13,1393
1676,13,1394
1677,13,1395
1678,13,697
1679,13,1396
1680,13,1397
1681,13,1398
1682,13,1160
1683,13,1399
1684,13,1400
1685,13,1401
1686,13,1402
1687,13,1403
1688,13,1404
1689,13,1405
1690,13,1406
1691,13,1407
1692,13,1408
1693,13,1409
1694,13,1410
1695,13,1411
1696,13,1412
1697,13,1172
1698,13,1413
1699,13,1414
1700,13,1415
1701,13,1416
1702,13,1417
1703,13,1171
1704,13,1418
1705,13,1419
1706,13,1420
1707,13,1421
1708,13,1422
1709,13,1179
1710,13,1423
1711,13,1424
1712,13,1425
1713,13,1426
1714,13,1427
1715,13,1428
1716,13,1170
1717,13,1429
1718,13,1430
1719,13,1431
1720,13,1432
1721,13,1433
1722,13,1434
1723,13,1435
1724,13,1436
1725,13,1437
1726,13,1438
1727,13,1439
1728,13,1202
1729,13,1440
1730,13,1441
1731,13,1442
1732,13,1443
1733,13,1205
1734,13,1204
1735,13,1444
1736,13,1445
1737,13,1446
1738,13,1209
1739,13,1447
1740,13,1206
1741,13,1448
1742,13,1208
1743,13,1210
1744,13,1449
1745,13,1450
1746,13,1451
1747,13,1452
1748,13,1222
1749,13,1453
1750,13,1454
1751,13,1455
1752,13,1456
1753,13,1224
1754,13,1225
1755,13,1457
1756,13,1458
1757,13,1459
1758,13,1173
1759,13,1460
1760,13,1461
1761,13,1462
1762,13,1230
1763,13,1231
1764,13,1463
1765,13,1233
1766,13,1464
1767,13,1235
1768,13,1465
1769,13,1466
1770,13,1467
1771,13,1468
1772,13,1469
1773,13,1470
1774,13,1471
1775,13,1472
1776,13,1473
1777,13,1474
1778,13,1475
1779,13,1476
1780,13,1477
1781,13,1478
1782,13,1250
1783,13,1249
1784,13,1479
1785,13,1480
1786,13,1258
1787,13,1252
1788,13,1481
1789,13,1482
1790,13,1483
1791,13,1259
1792,13,1484
1793,13,1485
1794,13,1486
1795,13,1265
1796,13,1487
1797,13,1488
1798,13,1489
1799,13,1490
1800,13,1268
1801,13,1491
1802,13,1270
1803,13,1492
1804,13,1493
1805,13,1494
1806,13,1495
1807,13,1496
1808,13,1497
1809,13,1498
1810,13,1499
1811,13,1282
1812,13,1500
1813,13,1501
1814,13,1502
1815,13,1285
1816,13,1503
1817,13,1504
1818,13,1505
1819,13,1506
1820,13,1507
1821,13,1289
1822,13,1287
1823,13,1508
1824,13,1292
1825,13,1509
1826,13,1510
1827,13,1511
1828,13,1512
1829,13,1513
1830,13,1295
1831,13,1514
1832,13,1300
1833,13,1515
1834,13,1516
1835,13,1517
1836,13,1518
1837,13,1303
1838,13,1519
1839,13,1520
1840,13,1521
1841,13,1522
1842,13,1523
1843,13,1524
1844,13,1525
1845,13,1526
1846,13,1304
1847,13,1527
1848,13,1528
1849,13,1529
1850,13,1530
1851,13,1531
1852,13,1308
1853,13,1532
1854,13,1533
1855,13,1534
1856,13,1535
1857,13,1536
1858,13,1537
1859,13,1538
1860,13,1539
1861,13,1540
1862,13,1541
1863,13,1319
1864,13,1320
1865,13,1542
1866,13,1323
1867,13,1543
1868,13,1321
1869,13,1544
1870,13,1322
1871,13,1545
1872,13,1317
1873,13,1546
1874,13,1547
1875,13,1318
1876,13,1548
1877,13,1549
1878,14,1550
1879,14,1551
1880,14,1552
1881,14,1553
1882,14,1554
1883,14,1555
1884,14,1556
1885,14,1557
1886,14,1558
1887,14,1559
1888,14,1560
1889,14,1561
1890,14,1562
1891,14,1563
1892,14,1564
1893,14,1565
1894,14,1566
1895,14,1567
1896,14,1354
1897,14,1568
1898,14,1569
1899,14,1570
1900,14,1571
1901,14,1572
1902,14,1573
1903,14,1574
1904,14,1575
1905,14,1576
1906,14,1577
1907,14,1578
1908,14,1579
1909,14,1580
1910,14,1581
1911,14,1582
1912,14,1583
1913,14,1584
1914,14,1585
1915,14,1586
1916,14,1587
1917,14,1588
1918,14,1589
1919,14,1590
1920,14,1591
1921,14,1592
1922,14,1593
1923,14,1374
1924,14,1594
1925,14,1376
1926,14,1595
1927,14,1596
1928,14,1437
1929,14,1597
1930,14,1598
1931,14,1599
1932,14,1600
1933,14,1601
1934,14,1602
1935,14,1603
1936,14,1604
1937,14,1605
1938,14,1606
1939,14,1607
1940,14,1608
1941,14,1609
1942,14,1610
1943,14,1611
1944,14,1612
1945,14,1613
1946,14,1614
1947,14,1615
1948,14,1616
1949,14,1617
1950,14,1415
1951,14,1618
1952,14,1619
1953,14,1620
1954,14,1621
1955,14,1622
1956,14,1623
1957,14,1624
1958,14,1625
1959,14,1418
1960,14,1626
1961,14,1627
1962,14,1628
1963,14,1629
1964,14,1630
1965,14,1424
1966,14,1631
1967,14,1632
1968,14,1430
1969,14,1633
1970,14,1634
1971,14,1635
1972,14,1636
1973,14,1637
1974,14,1638
1975,14,1639
1976,14,1640
1977,14,1641
1978,14,1642
1979,14,1643
1980,14,1644
1981,14,1645
1982,14,1646
1983,14,1647
1984,14,1648
1985,14,1649
1986,14,1650
1987,14,1651
1988,14,1444
1989,14,1652
1990,14,1447
1991,14,1653
1992,14,1654
1993,14,1655
1994,14,1656
1995,14,1657
1996,14,1658
1997,14,1659
1998,14,1660
1999,14,1661
2000,14,1662
2001,14,1663
2002,14,1664
2003,14,1665
2004,14,1666
2005,14,1667
2006,14,1457
2007,14,1668
2008,14,1669
2009,14,1670
2010,14,1671
2011,14,1672
2012,14,1673
2013,14,1674
2014,14,1675
2015,14,1676
2016,14,1677
2017,14,1678
2018,14,1679
2019,14,1680
2020,14,1681
2021,14,1682
2022,14,1683
2023,14,1684
2024,14,1685
2025,14,1686
2026,14,1687
2027,14,1688
2028,14,1689
2029,14,1690
2030,14,1691
2031,14,1692
2032,14,1693
2033,14,1694
2034,14,1695
2035,14,1696
2036,14,1481
2037,14,1697
2038,14,1698
2039,14,1699
2040,14,1700
2041,14,1701
2042,14,1702
2043,14,1703
2044,14,1704
2045,14,1705
2046,14,1706
2047,14,1491
2048,14,1489
2049,14,1707
2050,14,1708
2051,14,1709
2052,14,1710
2053,14,1711
2054,14,1493
2055,14,1712
2056,14,1713
2057,14,1714
2058,14,1715
2059,14,1716
2060,14,1717
2061,14,1507
2062,14,1718
2063,14,1719
2064,14,1720
2065,14,1721
2066,14,1722
2067,14,1723
2068,14,1724
2069,14,1725
2070,14,1726
2071,14,1727
2072,14,1728
2073,14,1729
2074,14,1730
2075,14,1731
2076,14,1732
2077,14,1733
2078,14,1523
2079,14,1734
2080,14,1735
2081,14,1736
2082,14,1737
2083,14,1738
2084,14,1739
2085,14,1740
2086,14,1741
2087,14,1742
2088,14,1743
2089,14,1744
2090,14,1745
2091,14,1746
2092,14,1747
2093,14,1748
2094,14,1749
2095,14,1750
2096,14,1751
2097,14,1752
2098,14,1753
2099,14,1754
2100,14,1755
2101,14,1756
2102,14,1757
2103,14,1758
2104,14,1759
2105,14,1760
2106,14,1761
2107,14,1762
2108,14,1763
2109,14,1764
2110,14,1765
2111,14,1766
2112,14,1767
2113,15,1768
2114,15,1550
2115,15,1551
2116,15,1552
2117,15,1769
2118,15,1553
2119,15,1555
2120,15,1770
2121,15,1560
2122,15,1561
2123,15,1564
2124,15,1771
2125,15,1772
2126,15,1773
2127,15,1567
2128,15,1774
2129,15,1568
2130,15,1775
2131,15,1570
2132,15,1573
2133,15,1776
2134,15,1777
2135,15,1778
2136,15,1581
2137,15,1577
2138,15,1575
2139,15,1779
2140,15,1780
2141,15,1578
2142,15,1582
2143,15,1580
2144,15,1584
2145,15,1781
2146,15,1586
2147,15,1782
2148,15,1783
2149,15,1589
2150,15,1784
2151,15,1594
2152,15,1785
2153,15,1786
2154,15,1596
2155,15,1787
2156,15,1592
2157,15,1437
2158,15,1597
2159,15,1598
2160,15,1590
2161,15,1599
2162,15,1788
2163,15,1600
2164,15,1601
2165,15,1789
2166,15,1790
2167,15,1791
2168,15,1792
2169,15,1793
2170,15,1794
2171,15,1795
2172,15,1796
2173,15,1797
2174,15,1798
2175,15,1605
2176,15,1606
2177,15,1607
2178,15,1799
2179,15,1608
2180,15,1800
2181,15,1801
2182,15,1802
2183,15,1610
2184,15,1611
2185,15,1803
2186,15,1623
2187,15,1804
2188,15,1619
2189,15,1805
2190,15,1613
2191,15,1626
2192,15,1624
2193,15,1615
2194,15,1612
2195,15,1614
2196,15,1806
2197,15,1807
2198,15,1808
2199,15,1627
2200,15,1809
2201,15,1618
2202,15,1810
2203,15,1811
2204,15,1812
2205,15,1813
2206,15,1814
2207,15,1815
2208,15,1816
2209,15,1817
2210,15,1635
2211,15,1818
2212,15,1634
2213,15,1819
2214,15,1820
2215,15,1821
2216,15,1640
2217,15,1642
2218,15,1822
2219,15,1636
2220,15,1823
2221,15,1643
2222,15,1644
2223,15,1645
2224,15,1824
2225,15,1648
2226,15,1655
2227,15,1653
2228,15,1656
2229,15,1652
2230,15,1825
2231,15,1826
2232,15,1657
2233,15,1827
2234,15,1662
2235,15,1663
2236,15,1664
2237,15,1828
2238,15,1666
2239,15,1829
2240,15,1830
2241,15,1831
2242,15,1832
2243,15,1667
2244,15,1833
2245,15,1834
2246,15,1669
2247,15,1835
2248,15,1836
2249,15,1673
2250,15,1837
2251,15,1679
2252,15,1838
2253,15,1839
2254,15,1680
2255,15,1840
2256,15,1841
2257,15,1842
2258,15,1843
2259,15,1683
2260,15,1844
2261,15,1473
2262,15,1845
2263,15,1687
2264,15,1686
2265,15,1846
2266,15,1690
2267,15,1695
2268,15,1694
2269,15,1688
2270,15,1692
2271,15,1691
2272,15,1847
2273,15,1848
2274,15,1699
2275,15,1849
2276,15,1698
2277,15,1693
2278,15,1850
2279,15,1851
2280,15,1702
2281,15,1696
2282,15,1852
2283,15,1853
2284,15,1707
2285,15,1706
2286,15,1709
2287,15,1854
2288,15,1708
2289,15,1855
2290,15,1711
2291,15,1710
2292,15,1856
2293,15,1713
2294,15,1857
2295,15,1714
2296,15,1858
2297,15,1859
2298,15,1860
2299,15,1861
2300,15,1862
2301,15,1863
2302,15,1864
2303,15,1865
2304,15,1866
2305,15,1867
2306,15,1868
2307,15,1721
2308,15,1720
2309,15,1869
2310,15,1723
2311,15,1870
2312,15,1871
2313,15,1872
2314,15,1873
2315,15,1874
2316,15,1875
2317,15,1876
2318,15,1877
2319,15,1729
2320,15,1730
2321,15,1878
2322,15,1731
2323,15,1732
2324,15,1879
2325,15,1880
2326,15,1881
2327,15,1733
2328,15,1882
2329,15,1883
2330,15,1734
2331,15,1884
2332,15,1735
2333,15,1885
2334,15,1736
2335,15,1886
2336,15,1737
2337,15,1887
2338,15,1888
2339,15,1889
2340,15,1890
2341,15,1742
2342,15,1739
2343,15,1743
2344,15,1891
2345,15,1892
2346,15,1893
2347,15,1894
2348,15,1744
2349,15,1746
2350,15,1895
2351,15,1747
2352,15,1748
2353,15,1896
2354,15,1897
2355,15,1752
2356,15,1753
2357,15,1749
2358,15,1898
2359,15,1899
2360,15,1754
2361,15,1757
2362,15,1759
2363,15,1758
2364,15,1755
2365,15,1760
2366,15,1900
2367,15,1901
2368,15,1902
2369,15,1763
2370,15,1764
2371,15,1765
2372,15,1766
2373,15,1767
2374,15,1903
2375,15,1904
2376,16,1905
2377,16,1768
2378,16,1550
2379,16,1551
2380,16,1906
2381,16,1769
2382,16,1552
2383,16,1553
2384,16,1907
2385,16,1555
2386,16,1908
2387,16,1909
2388,16,1910
2389,16,1771
2390,16,1773
2391,16,1911
2392,16,1564
2393,16,1772
2394,16,1775
2395,16,1912
2396,16,1774
2397,16,1567
2398,16,1568
2399,16,1570
2400,16,1913
2401,16,1914
2402,16,1915
2403,16,1916
2404,16,1573
2405,16,1777
2406,16,1778
2407,16,1776
2408,16,1779
2409,16,1780
2410,16,1917
2411,16,1581
2412,16,1918
2413,16,1919
2414,16,1582
2415,16,1920
2416,16,1921
2417,16,1781
2418,16,1782
2419,16,1584
2420,16,1922
2421,16,1783
2422,16,1923
2423,16,1785
2424,16,1594
2425,16,1786
2426,16,1784
2427,16,1787
2428,16,1589
2429,16,1592
2430,16,1437
2431,16,1597
2432,16,1598
2433,16,1924
2434,16,1925
2435,16,1926
2436,16,1599
2437,16,1788
2438,16,1600
2439,16,1601
2440,16,1789
2441,16,1790
2442,16,1791
2443,16,1927
2444,16,1792
2445,16,1794
2446,16,1793
2447,16,1795
2448,16,1928
2449,16,1797
2450,16,1798
2451,16,1607
2452,16,1929
2453,16,1799
2454,16,1930
2455,16,1800
2456,16,1931
2457,16,1801
2458,16,1802
2459,16,1610
2460,16,1611
2461,16,1804
2462,16,1803
2463,16,1932
2464,16,1805
2465,16,1623
2466,16,1933
2467,16,1934
2468,16,1935
2469,16,1810
2470,16,1626
2471,16,1936
2472,16,1811
2473,16,1808
2474,16,1806
2475,16,1812
2476,16,1937
2477,16,1938
2478,16,1939
2479,16,1653
2480,16,1642
2481,16,1813
2482,16,1814
2483,16,1940
2484,16,1941
2485,16,1815
2486,16,1816
2487,16,1820
2488,16,1817
2489,16,1942
2490,16,1943
2491,16,1819
2492,16,1818
2493,16,1944
2494,16,1635
2495,16,1634
2496,16,1945
2497,16,1821
2498,16,1946
2499,16,1823
2500,16,1947
2501,16,1948
2502,16,1643
2503,16,1949
2504,16,1644
2505,16,1824
2506,16,1645
2507,16,1648
2508,16,1825
2509,16,1826
2510,16,1655
2511,16,1656
2512,16,1827
2513,16,1663
2514,16,1828
2515,16,1950
2516,16,1666
2517,16,1829
2518,16,1951
2519,16,1830
2520,16,1952
2521,16,1831
2522,16,1953
2523,16,1954
2524,16,1832
2525,16,1955
2526,16,1833
2527,16,1667
2528,16,1834
2529,16,1956
2530,16,1957
2531,16,1958
2532,16,1835
2533,16,1959
2534,16,1960
2535,16,1836
2536,16,1837
2537,16,1961
2538,16,1679
2539,16,1962
2540,16,1963
2541,16,1838
2542,16,1839
2543,16,1964
2544,16,1840
2545,16,1680
2546,16,1841
2547,16,1843
2548,16,1842
2549,16,1844
2550,16,1683
2551,16,1965
2552,16,1473
2553,16,1845
2554,16,1846
2555,16,1966
2556,16,1967
2557,16,1687
2558,16,1690
2559,16,1695
2560,16,1694
2561,16,1849
2562,16,1968
2563,16,1850
2564,16,1848
2565,16,1847
2566,16,1969
2567,16,1699
2568,16,1851
2569,16,1702
2570,16,1970
2571,16,1971
2572,16,1852
2573,16,1853
2574,16,1854
2575,16,1707
2576,16,1855
2577,16,1709
2578,16,1972
2579,16,1973
2580,16,1974
2581,16,1711
2582,16,1713
2583,16,1975
2584,16,1858
2585,16,1860
2586,16,1976
2587,16,1977
2588,16,1978
2589,16,1979
2590,16,1980
2591,16,1866
2592,16,1864
2593,16,1865
2594,16,1863
2595,16,1867
2596,16,1721
2597,16,1868
2598,16,1871
2599,16,1873
2600,16,1723
2601,16,1981
2602,16,1872
2603,16,1870
2604,16,1874
2605,16,1875
2606,16,1877
2607,16,1729
2608,16,1730
2609,16,1982
2610,16,1983
2611,16,1878
2612,16,1731
2613,16,1732
2614,16,1984
2615,16,1880
2616,16,1881
2617,16,1879
2618,16,1985
2619,16,1733
2620,16,1883
2621,16,1882
2622,16,1734
2623,16,1986
2624,16,1987
2625,16,1884
2626,16,1735
2627,16,1885
2628,16,1736
2629,16,1886
2630,16,1737
2631,16,1888
2632,16,1887
2633,16,1889
2634,16,1988
2635,16,1890
2636,16,1742
2637,16,1743
2638,16,1892
2639,16,1893
2640,16,1894
2641,16,1744
2642,16,1746
2643,16,1747
2644,16,1895
2645,16,1896
2646,16,1748
2647,16,1897
2648,16,1989
2649,16,1752
2650,16,1990
2651,16,1991
2652,16,1899
2653,16,1992
2654,16,1753
2655,16,1757
2656,16,1993
2657,16,1759
2658,16,1758
2659,16,1900
2660,16,1994
2661,16,1760
2662,16,1901
2663,16,1995
2664,16,1996
2665,16,1902
2666,16,1763
2667,16,1767
2668,16,1903
2669,17,1997
2670,17,1998
2671,17,1999
2672,17,2000
2673,17,2001
2674,17,2002
2675,17,2003
2676,17,2004
2677,17,2005
2678,17,2006
2679,17,2007
2680,17,2008
2681,17,2009
2682,17,2010
2683,17,2011
2684,17,2012
2685,17,2013
2686,17,2014
2687,17,2015
2688,17,2016
2689,17,2017
2690,17,697
2691,17,2018
2692,17,2019
2693,17,2020
2694,17,2021
2695,17,2022
2696,17,2023
2697,17,2024
2698,17,2025
2699,17,2026
2700,17,2027
2701,17,2028
2702,17,2029
2703,17,2030
2704,17,2031
2705,17,2032
2706,17,2033
2707,17,2034
2708,17,2035
2709,17,2036
2710,17,2037
2711,17,2038
2712,17,2039
2713,17,2040
2714,17,2041
2715,17,2042
2716,17,2043
2717,17,2044
2718,17,2045
2719,17,2046
2720,17,2047
2721,17,2048
2722,17,2049
2723,17,2050
2724,17,2051
2725,17,2052
2726,17,2053
2727,17,2054
2728,17,2055
2729,17,2056
2730,17,2057
2731,17,2058
2732,17,2059
2733,17,2060
2734,17,2061
2735,17,2062
2736,17,2063
2737,17,2064
2738,17,2065
2739,17,2066
2740,17,2067
2741,17,2068
2742,17,2069
2743,17,2070
2744,18,2071
2745,18,2072
2746,18,2073
2747,18,2074
2748,18,2075
2749,18,2076
2750,18,2077
2751,18,2078
2752,18,2079
2753,18,2080
2754,18,2081
2755,18,2082
2756,18,2083
2757,18,2084
2758,18,2085
2759,18,2086
2760,18,2087
2761,18,2088
2762,18,2089
2763,18,2090
2764,18,2091
2765,18,2010
2766,18,2092
2767,18,2093
2768,18,2094
2769,18,2095
2770,18,2096
2771,18,2097
2772,18,697
2773,18,2098
2774,18,2099
2775,18,2100
2776,18,2101
2777,18,2102
2778,18,2103
2779,18,2104
2780,18,2105
2781,18,2024
2782,18,2106
2783,18,2107
2784,18,2108
2785,18,2109
2786,18,2034
2787,18,2110
2788,18,2111
2789,18,2112
2790,18,2113
2791,18,2114
2792,18,2115
2793,18,2116
2794,18,2117
2795,18,2118
2796,18,2119
2797,18,2120
2798,18,2121
2799,18,2122
2800,18,2123
2801,18,2124
2802,18,2125
2803,18,2126
2804,18,2127
2805,18,2128
2806,18,2129
2807,18,2130
2808,18,2131
2809,18,2132
2810,18,2133
2811,18,2134
2812,18,2045
2813,18,2135
2814,18,2136
2815,18,2137
2816,18,2138
2817,18,2139
2818,18,2140
2819,18,2141
2820,18,2142
2821,18,2143
2822,18,2144
2823,18,2057
2824,18,2145
2825,18,2146
2826,18,2147
2827,18,2148
2828,18,2149
2829,18,2150
2830,18,2151
2831,18,2152
2832,18,2059
2833,18,2153
2834,18,2154
2835,18,2155
2836,18,2156
2837,18,2060
2838,18,2157
2839,18,2158
2840,18,2159
2841,18,2064
2842,18,2160
2843,18,2161
2844,18,2162
2845,18,2163
2846,18,2164
2847,18,2165
2848,18,2166
2849,18,2167
2850,18,2069
2851,18,2168
2852,18,2066
2853,19,2072
2854,19,2074
2855,19,2075
2856,19,2076
2857,19,2077
2858,19,2169
2859,19,2170
2860,19,2079
2861,19,2080
2862,19,2171
2863,19,2081
2864,19,2082
2865,19,2085
2866,19,2084
2867,19,2088
2868,19,2089
2869,19,2090
2870,19,2087
2871,19,2091
2872,19,2172
2873,19,2093
2874,19,2094
2875,19,2095
2876,19,2096
2877,19,2098
2878,19,2173
2879,19,2099
2880,19,2104
2881,19,2105
2882,19,2107
2883,19,2174
2884,19,2175
2885,19,2034
2886,19,2176
2887,19,2111
2888,19,2112
2889,19,2177
2890,19,2178
2891,19,2113
2892,19,2115
2893,19,2114
2894,19,2116
2895,19,2117
2896,19,2119
2897,19,2120
2898,19,2122
2899,19,2123
2900,19,2125
2901,19,2126
2902,19,2127
2903,19,2128
2904,19,2130
2905,19,2129
2906,19,2131
2907,19,2132
2908,19,2135
2909,19,2136
2910,19,2179
2911,19,2139
2912,19,2180
2913,19,2140
2914,19,2181
2915,19,2141
2916,19,2182
2917,19,2143
2918,19,2144
2919,19,2057
2920,19,2145
2921,19,2146
2922,19,2183
2923,19,2184
2924,19,2149
2925,19,2185
2926,19,2150
2927,19,2152
2928,19,2186
2929,19,2059
2930,19,2153
2931,19,2155
2932,19,2187
2933,19,2157
2934,19,2188
2935,19,2189
2936,19,2162
2937,19,2163
2938,19,2064
2939,19,2165
2940,19,2166
2941,19,2167
2942,19,2069
2943,20,2190
2944,20,2191
2945,20,2192
2946,20,2193
2947,20,2194
2948,20,2195
2949,20,2196
2950,20,2197
2951,20,2198
2952,20,2199
2953,20,2200
2954,20,2201
2955,20,2202
2956,20,2203
2957,20,2204
2958,20,2205
2959,20,2206
2960,20,2207
2961,20,2208
2962,20,2209
2963,20,2210
2964,20,2211
2965,20,2212
2966,20,2213
2967,20,2214
2968,20,2215
2969,20,2216
2970,20,2217
2971,20,2218
2972,20,2219
2973,20,2220
2974,20,2221
2975,20,2222
2976,20,2223
2977,20,2224
2978,20,2225
2979,20,2226
2980,20,2227
2981,20,2228
2982,20,2229
2983,20,2230
2984,20,2231
2985,20,2232
2986,20,2233
2987,20,2234
2988,20,2235
2989,20,2236
2990,20,2237
2991,20,2238
2992,20,2239
2993,20,2240
2994,20,2241
2995,20,2242
2996,20,2243
2997,20,2244
2998,20,2245
2999,20,2246
3000,20,2247
3001,20,2248
3002,20,2249
3003,20,2250
3004,20,2251
3005,20,2252
3006,20,2253
3007,20,2254
3008,20,2255
3009,21,2256
3010,21,2257
3011,21,2258
3012,21,2259
3013,21,2260
3014,21,2261
3015,21,2262
3016,21,2263
3017,21,2207
3018,21,2264
3019,21,2265
3020,21,2266
3021,21,2267
3022,21,2268
3023,21,2269
3024,21,2270
3025,21,2271
3026,21,2272
3027,21,2273
3028,21,2274
3029,21,2275
3030,21,2276
3031,21,2277
3032,21,2278
3033,21,2279
3034,21,2280
3035,21,2281
3036,21,2282
3037,21,2283
3038,21,2284
3039,21,2285
3040,21,2286
3041,21,2287
3042,21,2288
3043,21,2289
3044,21,2290
3045,21,2291
3046,21,2292
3047,22,2293
3048,22,2294
3049,22,2295
3050,22,2296
3051,22,2297
3052,22,2298
3053,22,2299
3054,22,2300
3055,22,2301
3056,22,2302
3057,22,2303
3058,22,2304
3059,22,2305
3060,22,2306
3061,22,2307
3062,22,2308
3063,22,2309
3064,22,2310
3065,22,2311
3066,22,2312
3067,22,2313
3068,22,2314
3069,22,2315
3070,22,2316
3071,22,2317
3072,22,2318
3073,22,2319
3074,22,2320
3075,22,2321
3076,22,2322
3077,22,2323
3078,23,2324
3079,23,2325
3080,23,2326
3081,23,2327
3082,23,2328
3083,23,2329
3084,23,2330
3085,23,2331
3086,23,2332
3087,23,2333
3088,23,2334
3089,23,2335
3090,23,2336
3091,23,2337
3092,23,2338
3093,24,2339
3094,24,2340
3095,24,2341
3096,24,2342
3097,24,2343
3098,24,2344
3099,24,2345
3100,24,2346
3101,24,2347
3102,24,2348
3103,24,2349
3104,24,2350
3105,24,2351
3106,24,2352
3107,25,2339
3108,25,2341
3109,25,2342
3110,25,2343
3111,25,2353
3112,26,2354
3113,26,2355
3114,26,2356
3115,26,2357
3116,26,2358
3117,26,2359
3118,26,2360
3119,26,2361
3120,26,2362
3121,26,2363
3122,26,2364
3123,26,2365
3124,26,2366
3125,26,2367
3126,26,2368
3127,26,2369
3128,26,2370
3129,27,2371
3130,27,2354
3131,27,2372
3132,27,2373
3133,27,2374
3134,27,2375
3135,27,2376
3136,27,2377
3137,27,2378
3138,27,2379
3139,27,2380
3140,27,2381
3141,27,2382
3142,27,2365
3143,27,2383
3144,27,2368
3145,27,2384
3146,28,2385
3147,28,2371
3148,28,2386
3149,28,2387
3150,28,2388
3151,28,2373
3152,28,2389
3153,28,2390
3154,28,2391
3155,28,2392
3156,28,2393
3157,28,2394
3158,28,2395
3159,28,2396
3160,28,2397
3161,28,2398
3162,29,2399
3163,29,2400
3164,29,2401
3165,29,2402
3166,29,2403
3167,29,2404
3168,29,2405
3169,29,2406
3170,29,2407
3171,29,2408
3172,29,2409
3173,29,2410
3174,29,2411
3175,29,2412
3176,29,2413
3177,29,2414
3178,29,2415
3179,29,2416
3180,30,2401
3181,30,2410
3182,30,2417
3183,30,2408
3184,30,2418
3185,30,2411
3186,30,2419
3187,30,2412
3188,30,2420
3189,30,2421
3190,30,2422
3191,30,2423
3192,30,2424
3193,30,2425
3194,30,2426
3195,31,2427
3196,31,2428
3197,31,2429
3198,31,2430
3199,31,2417
3200,31,2431
3201,31,2432
3202,31,2433
3203,31,2419
3204,31,2434
3205,31,2423
3206,31,2421
3207,31,2424
3208,31,2426
3209,32,2435
3210,32,2436
3211,32,2437
3212,32,2438
3213,32,2439
3214,32,2440
3215,32,2441
3216,32,2442
3217,33,2443
3218,33,2444
3219,33,2445
3220,33,2446
3221,33,2447
3222,33,2448
3223,33,2449
3224,33,2450
3225,33,2451
3226,33,2452
3227,33,2453
3228,33,2454
3229,33,2455
3230,33,2456
3231,33,2457
3232,33,2458
3233,33,2459
3234,33,2460
3235,33,2461
3236,33,2462
3237,33,2463
3238,33,2440
3239,33,2464
3240,33,2465
3241,33,2466
3242,33,2467
3243,33,2442
3244,33,2468
3245,33,2469
3246,34,2470
3247,34,2471
3248,34,2443
3249,34,2472
3250,34,2473
3251,34,2444
3252,34,2474
3253,34,2475
3254,34,2476
3255,34,2477
3256,34,2451
3257,34,2478
3258,34,2479
3259,34,2456
3260,34,2457
3261,34,2480
3262,34,2460
3263,34,2481
3264,34,2482
3265,34,2464
3266,34,2466
3267,34,2483
3268,34,2467
3269,34,2484
3270,34,2485
3271,35,2471
3272,35,2486
3273,35,2472
3274,35,2487
3275,35,2473
3276,35,2474
3277,35,2488
3278,35,2489
3279,35,1551
3280,35,1553
3281,35,2490
3282,35,2491
3283,35,2475
3284,35,2476
3285,35,2477
3286,35,2478
3287,35,2492
3288,35,2493
3289,35,1437
3290,35,2479
3291,35,2480
3292,35,2494
3293,35,2495
3294,35,2481
3295,35,2482
3296,35,1473
3297,35,2483
3298,35,2484
3299,35,1727
3300,35,1734
3301,35,1735
3302,35,2496
3303,35,2497
3304,35,2485
3305,36,2498
3306,36,2499
3307,36,2500
3308,36,2501
3309,36,2502
3310,36,2486
3311,36,2503
3312,36,2504
3313,36,2505
3314,36,2488
3315,36,2506
3316,36,2507
3317,36,1551
3318,36,1553
3319,36,2508
3320,36,2491
3321,36,2509
3322,36,2510
3323,36,2493
3324,36,1437
3325,36,2511
3326,36,2512
3327,36,2495
3328,36,1473
3329,36,2513
3330,36,2514
3331,36,2515
3332,36,2516
3333,36,2517
3334,36,1727
3335,36,2518
3336,36,1734
3337,36,1735
3338,36,2519
3339,36,2520
3340,36,2496
3341,36,2497
3342,37,2476
3343,37,2453
3344,37,2521
3345,37,2522
3346,37,2494
3347,37,2484
3348,37,2523
3349,38,2521
3350,38,2522
3351,38,2523
3352,39,2524
3353,39,2525
3354,39,2526
3355,40,2527
3356,40,2528
3357,40,2529
3358,41,2530
3359,41,1551
3360,41,1553
3361,41,2531
3362,41,1437
3363,41,2532
3364,41,2533
3365,41,2534
3366,41,1473
3367,41,2535
3368,41,2536
3369,41,2537
3370,41,1734
3371,41,1735
3372,43,2538
3373,44,2539
3374,45,1551
3375,45,1553
3376,45,2540
3377,45,1437
3378,45,2539
3379,45,1734
3380,45,1735
3381,46,2541
3382,46,1551
3383,46,1553
3384,46,2542
3385,46,2543
3386,46,2544
3387,46,2545
3388,46,2546
3389,46,2547
3390,46,1437
3391,46,2548
3392,46,2549
3393,46,2550
3394,46,2551
3395,46,2552
3396,46,2553
3397,46,2554
3398,46,1734
3399,46,1735
3400,46,2555
3401,46,2556
